raw_tag,normalized_tag,proposed_canonical_tag,parent_entity,proposed_facet_v2,facet_description_zh,proposed_recommendation_role,proposed_retrieval_utility,safety_status,recommendation_eligible,confidence,adjudication_status,alias_action,needs_manual_review,favorite_count,favorite_support,catalog_count,catalog_support,information_weight,information_mass,current_status,current_facet,current_recommendation_role,current_retrieval_utility,example_title_1,example_author_1,example_title_2,example_author_2,example_title_3,example_author_3,example_categories,example_authors,example_fandoms,evidence_note,evidence_source_url
校服,校服,校服,,APPEARANCE_OUTFIT,服装、配饰或造型,CORE,PROFILE_ONLY,AGE_AMBIGUOUS_REVIEW,False,high,REVIEW_AGE_AMBIGUOUS,KEEP_CANONICAL,True,230,0.128276631344116,237,0.1151603498542274,3.1577050333563146,726.2721576719523,KNOWN,CHARACTER_BODY_ATTRIBUTE,CORE,PRIMARY,ぽるこれ カースト上位のあの子は実は淫乱ドスケベ痴女-総集編- | 春色收藏 身为同龄人婆罗门的她其实是荒淫无度的痴女-总集篇-,パイレーツキャット,逢魔が時に囁いて～柚葉の闇がり～ (COMIC 快楽天ビースト 2020年5月号) [中国翻訳] [DL版],雛咲葉,私は女の子が好きだったはずなのに【第1話】 (COMIC 真激 2021年7月号) [中国翻訳] [DL版],doumou,長篇 | 同人 | 短篇 | 妹妹系 | 強暴,パイレーツキャット | 雛咲葉 | doumou | 绀矢ユキオ | ミサカ12003,fate / grand order,local tag semantics + example titles/authors,
學生,學生,學生,,IDENTITY_ROLE,人物身份、职业或社会角色,CORE,PROFILE_ONLY,AGE_AMBIGUOUS_REVIEW,False,high,REVIEW_AGE_AMBIGUOUS,KEEP_CANONICAL,True,138,0.0769659788064696,141,0.0685131195335276,3.6741486494265287,507.032513620861,KNOWN,CHARACTER_IDENTITY_ROLE,CORE,PRIMARY,ワカラセ総集編～終わらない悪夢と溺れるオンナたち～＋新規描き下ろし漫画２１ページ[中国翻译],むうつき、雪仁,ボク活ライフ ～友達の弟くんと「ゲームする仲」から「コスプレセックスする関係」になるまで～,うまくち醤油,結局水泳部顧問のなつみ先生は合宿にかこつけて男子部員達と延々セックスしたいだけなのです。,けけもつ,長篇 | 強暴 | 短篇 | 姐姐系 | 全彩,むうつき、雪仁 | うまくち醤油 | けけもつ | 朝寝ケン | かわさき,,local tag semantics + example titles/authors,
學姐,學姐,學姐,,IDENTITY_ROLE,人物身份、职业或社会角色,CORE,PROFILE_ONLY,AGE_AMBIGUOUS_REVIEW,False,high,REVIEW_AGE_AMBIGUOUS,KEEP_CANONICAL,True,27,0.015058561070831,29,0.0140913508260447,5.228778325365634,141.1770147848721,UNKNOWN,UNKNOWN,UNRESOLVED,PRIMARY,ネガティブコントロール (COMIC 快楽天ビースト 2020年8月号) [中国翻訳] [DL版],kakao,競泳先輩に抜いてもらう (COMIC アンスリウム 2022年9月号) [DL版],エノキドォ,おとなしオオカミ (COMIC アンスリウム 2021年3月号)[中国翻訳],エノキドォ,短篇 | 純愛 | 後宮閃光 | 長篇 | 單行本,kakao | エノキドォ | みちきんぐ | ぽりうれたん,,local tag semantics + example titles/authors,
校園,校園,校園,,SETTING_LOCATION,地点或场景设定,SECONDARY,PROFILE_ONLY,AGE_AMBIGUOUS_REVIEW,False,high,REVIEW_AGE_AMBIGUOUS,KEEP_CANONICAL,True,20,0.011154489682097,21,0.010204081632653,5.538933253669474,110.77866507338948,KNOWN,GENRE_SETTING,SECONDARY,PRIMARY,比羅坂日菜子がエロかわいいことを俺だけが知っている／比羅坂日菜子發情超可愛這件事只有我知道 1-44话,绀矢ユキオ,藤原千花大小姐的诱骗胁迫奸淫（辉夜大小姐想让我告白同人H）,毒猫ノイル,女学校で男ひとりなので校則で性欲のはけ口にされる日常,呉マサヒロ,長篇 | 禁書目錄 | 純愛 | 單行本 | 短篇,绀矢ユキオ | 毒猫ノイル | 呉マサヒロ | 加瀬大輝 | さんじゅうろう,,local tag semantics + example titles/authors,
學校泳裝 / 死庫水,學校泳裝 / 死庫水,學校泳裝 / 死庫水,,APPEARANCE_OUTFIT,服装、配饰或造型,CORE,PROFILE_ONLY,AGE_AMBIGUOUS_REVIEW,False,high,REVIEW_AGE_AMBIGUOUS,KEEP_CANONICAL,True,20,0.011154489682097,21,0.010204081632653,5.538933253669474,110.77866507338948,KNOWN,CHARACTER_BODY_ATTRIBUTE,CORE,PRIMARY,競泳先輩に抜いてもらう (COMIC アンスリウム 2022年9月号) [DL版],エノキドォ,サキュバステードライフ 総集編01~11+特典[中国翻訳][無修正],笹森トモエ,(C97) 冬鍋～NTR系小ネタ集～ (オリジナル)[中国翻訳],猿駕アキ,短篇 | 純愛 | 長篇 | 單行本 | 非人類,エノキドォ | 笹森トモエ | 猿駕アキ | あるぷ,,local tag semantics + example titles/authors,
"水手服",水手服,水手服,,APPEARANCE_OUTFIT,服装、配饰或造型,CORE,PROFILE_ONLY,AGE_AMBIGUOUS_REVIEW,False,high,REVIEW_AGE_AMBIGUOUS,KEEP_CANONICAL,True,19,0.0105967651979921,21,0.010204081632653,5.538933253669474,105.23973181972,UNKNOWN,UNKNOWN,UNRESOLVED,PRIMARY,巨乳が2人いないと勃起しない夫のために友達を連れてきた妻総集編｜為了沒有兩個巨乳就無法勃起的丈夫妻子帶來了自己的朋友總集篇 [中国翻訳] [無修正] [DL版],立花オミナ,僕のことが好きすぎる年上陰キャお姉さんの性処理生活●REC【2】 | 我与超级无敌喜欢我的年长阴角大姐姐的性处理生活 ● REC 【2】,Lunatic*Maiden (ぽるのいぶき)],Touch Me!! (COMIC 快楽天 2024年7月号),柚十扇,長篇 | 後宮閃光 | 單行本 | 全彩 | 短篇,立花オミナ | Lunatic*Maiden (ぽるのいぶき)] | 柚十扇 | ブラザーピエロ | karory,,local tag semantics + example titles/authors,
教室,教室,教室,,SETTING_LOCATION,地点或场景设定,SECONDARY,PROFILE_ONLY,AGE_AMBIGUOUS_REVIEW,False,high,REVIEW_AGE_AMBIGUOUS,KEEP_CANONICAL,True,11,0.0061349693251533,11,0.0053449951409135,6.145069057239789,67.59575962963768,UNKNOWN,UNKNOWN,UNRESOLVED,PRIMARY,借りたものは倍で返せ♡ (COMIC 快楽天ビースト 2024年11月号),イゲドアハ,尾月見さんは勉強ができない (WEEKLY快楽天 2022 No.45),パンダエキス,放課後の優等生｜放學後的資優生 [中国翻訳] [DL版],笹森トモエ,短篇 | 長篇 | 單行本 | 全彩,イゲドアハ | パンダエキス | 笹森トモエ | 多人 | clone人間,,local tag semantics + example titles/authors,
直播,直播,直播,,STORY_TROPE,叙事套路或剧情关系主题,CORE,HIGH_PRECISION_ANCHOR,OK,True,medium,REVIEW_MEDIUM,KEEP_CANONICAL,True,8,0.0044617958728388,8,0.0038872691933916,6.43275112969157,51.46200903753256,UNKNOWN,UNKNOWN,UNRESOLVED,PRIMARY,野々原柚花のヒミツのハイシン1-6 - 野野原柚花的祕密直播1-6 [中文] [無修正],しおこんぶ,JK生主の生放送で１０回イクまで終われまテン！！+ バッドエンドイラスト,満開開花,催眠動画で生いき生主が生イキする生放送～自宅・学校編～ [中国翻訳],満開開花,長篇 | 人妻 | 全彩 | CG雜圖 | 生肉,しおこんぶ | 満開開花 | simao | ぽりうれたん,,local tag semantics + example titles/authors,
保健室,保健室,保健室,,SETTING_LOCATION,地点或场景设定,SECONDARY,PROFILE_ONLY,AGE_AMBIGUOUS_REVIEW,False,high,REVIEW_AGE_AMBIGUOUS,KEEP_CANONICAL,True,6,0.0033463469046291,6,0.0029154518950437,6.684065557972477,40.10439334783486,UNKNOWN,UNKNOWN,UNRESOLVED,PRIMARY,ナマチチマラトロピクン + メロンブックス限定購入特典[無修正],鬼頭サケル,どすけべ美少女JKと保健室えっち。,茜,ユメカウツツカ 早川希美 編,和泉、冷泉,長篇 | 單行本 | 全彩 | NTR | 短篇,鬼頭サケル | 茜 | 和泉、冷泉 | 桜の灯る日へ | こしの,,local tag semantics + example titles/authors,
社團經理人,社團經理人,社團經理人,,IDENTITY_ROLE,人物身份、职业或社会角色,CORE,PROFILE_ONLY,AGE_AMBIGUOUS_REVIEW,False,high,REVIEW_AGE_AMBIGUOUS,KEEP_CANONICAL,True,5,0.0027886224205242,5,0.0024295432458697,6.838216237799735,34.19108118899867,UNKNOWN,UNKNOWN,UNRESOLVED,PRIMARY,異世界転移した子供部屋おじさんがモテモテ主人公の取り巻き女全員をチ〇ポ奴隷にしてやりました。 異世界轉移的家裡蹲歐吉桑把帥哥勇者隊伍中的所有女性成員調教成為後宮奴隸了。 無修正 無碼,無洗米,僕の彼女は野球部マネージャーver.2.2 [中国翻訳] [DL版],あらくれ,TRADE OFF2 -みんなの欲とキミの願い-,大野かなえ,長篇 | 純愛 | 後宮閃光 | 單行本 | 姐姐系,無洗米 | あらくれ | 大野かなえ | 東西 | kakao,,local tag semantics + example titles/authors,
學生會長,學生會長,學生會長,,IDENTITY_ROLE,人物身份、职业或社会角色,CORE,PROFILE_ONLY,AGE_AMBIGUOUS_REVIEW,False,high,REVIEW_AGE_AMBIGUOUS,KEEP_CANONICAL,True,5,0.0027886224205242,5,0.0024295432458697,6.838216237799735,34.19108118899867,KNOWN,CHARACTER_IDENTITY_ROLE,CORE,PRIMARY,[Pixiv] Agent_SS (34045771),Agent_SS,制服は着たままで[DL版][中国翻译],りぶつ,高飛車な生徒会長をアプリで従順調教,呉マサヒロ,全彩 | 同人 | CG雜圖 | SM | 長篇,Agent_SS | りぶつ | 呉マサヒロ | うこ | 櫻井マキ,,local tag semantics + example titles/authors,
鬼父,鬼父,鬼父,,RELATIONSHIP,关系、亲属或年龄关系,CORE,HIGH_PRECISION_ANCHOR,OK,True,medium,REVIEW_MEDIUM,KEEP_CANONICAL,True,4,0.0022308979364194,4,0.0019436345966958,7.0205377945936895,28.08215117837476,UNKNOWN,UNKNOWN,UNRESOLVED,PRIMARY,気が強い清楚な人妻令嬢が寝取られるまでの一部始終II,はりぽてと,きつねの意趣返し(COMIC 快艶 VOL.10 ),蛆孕茵,イケニエネイビー [DL版] [中国翻訳],すがいし,,,,local tag semantics + example titles/authors,
學妹,學妹,學妹,,IDENTITY_ROLE,人物身份、职业或社会角色,CORE,PROFILE_ONLY,AGE_AMBIGUOUS_REVIEW,False,high,REVIEW_AGE_AMBIGUOUS,KEEP_CANONICAL,True,4,0.0022308979364194,4,0.0019436345966958,7.0205377945936895,28.08215117837476,UNKNOWN,UNKNOWN,UNRESOLVED,PRIMARY,インモラル♡クロスオーバー (コミックゼロス #84) [中国翻訳] [DL版],さんじゅうろう,星期一的丰满/月曜日のたわわ  至128话,比村奇石,ふしだら吐息 淫亂微熱吐息,雛咲葉,,,,local tag semantics + example titles/authors,
風紀委員,風紀委員,風紀委員,,IDENTITY_ROLE,人物身份、职业或社会角色,CORE,PROFILE_ONLY,AGE_AMBIGUOUS_REVIEW,False,high,REVIEW_AGE_AMBIGUOUS,KEEP_CANONICAL,True,3,0.0016731734523145,3,0.0014577259475218,7.243681345907899,21.7310440377237,UNKNOWN,UNKNOWN,UNRESOLVED,PRIMARY,おち○ちんに負けてしまった女の子たち 敗給大肉棒並沉淪其中的女孩子們 無修正 無碼,無洗米,マジ性欲1000％ (COMIC BAVEL 2021年7月号),ぬんぬ,きて。 愛我。,ヘリを,,,,local tag semantics + example titles/authors,
Saber,saber,Saber,Fate系列,FANDOM_CHARACTER,作品/IP中的具体角色,CORE,HIGH_PRECISION_ANCHOR,OK,True,medium,REVIEW_MEDIUM,KEEP_CANONICAL,True,3,0.0016731734523145,3,0.0014577259475218,7.243681345907899,21.7310440377237,UNKNOWN,UNKNOWN,UNRESOLVED,PRIMARY,CHALDEA Lingerie Collection Vol.1,ましゅー,Virtual Insanity II,よろず,sakimichan合集（131）,sakimichan,,,,local tag semantics + example titles/authors,
初音,初音,VOCALOID: 初音未來,VOCALOID,FANDOM_CHARACTER,作品/IP中的具体角色,CORE,HIGH_PRECISION_ANCHOR,OK,True,medium,REVIEW_MEDIUM,MERGE_ALIAS,True,2,0.0011154489682097,2,0.0009718172983479,7.53136341835968,15.06272683671936,UNKNOWN,UNKNOWN,UNRESOLVED,PRIMARY,[Pixiv] 阿戈魔AGM (20670939),阿戈魔AGM,絞肉姬Walküre - miku,絞肉姬Walküre,阿戈魔AGM | 絞肉姬Walküre,,,,,local tag semantics + example titles/authors,
 後輩,後輩,後輩,,IDENTITY_ROLE,人物身份、职业或社会角色,CORE,PROFILE_ONLY,AGE_AMBIGUOUS_REVIEW,False,high,REVIEW_AGE_AMBIGUOUS,KEEP_CANONICAL,True,2,0.0011154489682097,2,0.0009718172983479,7.53136341835968,15.06272683671936,UNKNOWN,UNKNOWN,UNRESOLVED,PRIMARY,りほさんNTR～夫の命令で私、後輩君に抱かれます。～ | 理穗NTR~在老公的命令下，我和他的後輩上床了。~,山本ともみつ,果穂さんはおっきくてかわいい恋人を愛で尽くしたい丨果穗小姐想要尽情宠爱她高大可爱的恋人,花森玉子,山本ともみつ | 花森玉子,,,,,local tag semantics + example titles/authors,
翹家女,翹家女,翹家女,,IDENTITY_ROLE,人物身份、职业或社会角色,CORE,PROFILE_ONLY,AGE_AMBIGUOUS_REVIEW,False,high,REVIEW_AGE_AMBIGUOUS,KEEP_CANONICAL,True,2,0.0011154489682097,2,0.0009718172983479,7.53136341835968,15.06272683671936,UNKNOWN,UNKNOWN,UNRESOLVED,PRIMARY,家出してウチに来たバイトの後輩がエロすぎたので…,やまこんぶ,淫雨がやむまで after,2の.,やまこんぶ | 2の.,,,,,local tag semantics + example titles/authors,
虫洞,虫洞,虫洞,,UNKNOWN,语义未确认,UNRESOLVED,UNRESOLVED,OK,False,low,UNRESOLVED,KEEP_CANONICAL,True,1,0.0005577244841048,1,0.0004859086491739,7.936828526467844,7.936828526467844,UNKNOWN,UNKNOWN,UNRESOLVED,PRIMARY,飞机杯女神连线中,"一日三尻,不倒翁,灰背隼","一日三尻,不倒翁,灰背隼",,,,,,,local tag semantics + example titles/authors,
雛田,雛田,雛田,火影忍者,FANDOM_CHARACTER,作品/IP中的具体角色,CORE,HIGH_PRECISION_ANCHOR,OK,True,medium,REVIEW_MEDIUM,KEEP_CANONICAL,True,1,0.0005577244841048,1,0.0004859086491739,7.936828526467844,7.936828526467844,UNKNOWN,UNKNOWN,UNRESOLVED,PRIMARY,Hinata bunny（AI）,Blitzzone,Blitzzone,,,,,,,local tag semantics + example titles/authors,
轟媽,轟媽,轟媽,我的英雄學院,FANDOM_CHARACTER,作品/IP中的具体角色,CORE,HIGH_PRECISION_ANCHOR,OK,True,medium,REVIEW_MEDIUM,KEEP_CANONICAL,True,1,0.0005577244841048,1,0.0004859086491739,7.936828526467844,7.936828526467844,UNKNOWN,UNKNOWN,UNRESOLVED,PRIMARY,TS☆Revolution 無修正精修版,史鬼匠人,史鬼匠人,,,,,,,local tag semantics + example titles/authors,
年下,年下,年下,,RELATIONSHIP,关系、亲属或年龄关系,CORE,PROFILE_ONLY,AGE_AMBIGUOUS_REVIEW,False,high,REVIEW_AGE_AMBIGUOUS,KEEP_CANONICAL,True,1,0.0005577244841048,1,0.0004859086491739,7.936828526467844,7.936828526467844,UNKNOWN,UNKNOWN,UNRESOLVED,PRIMARY,隣人以上、恋人未満。(COMIC 失楽天 2026年4月号),トン子,トン子,,,,,,,local tag semantics + example titles/authors,
 前輩,前輩,前輩,,IDENTITY_ROLE,人物身份、职业或社会角色,CORE,PROFILE_ONLY,AGE_AMBIGUOUS_REVIEW,False,high,REVIEW_AGE_AMBIGUOUS,KEEP_CANONICAL,True,1,0.0005577244841048,1,0.0004859086491739,7.936828526467844,7.936828526467844,UNKNOWN,UNKNOWN,UNRESOLVED,PRIMARY,果穂さんはおっきくてかわいい恋人を愛で尽くしたい丨果穗小姐想要尽情宠爱她高大可爱的恋人,花森玉子,花森玉子,,,,,,,local tag semantics + example titles/authors,
人棍,人棍,人棍,,BODY_ATTRIBUTE,身体或解剖属性,CORE,HIGH_PRECISION_ANCHOR,OK,True,medium,REVIEW_MEDIUM,KEEP_CANONICAL,True,1,0.0005577244841048,1,0.0004859086491739,7.936828526467844,7.936828526467844,UNKNOWN,UNKNOWN,UNRESOLVED,PRIMARY,アンドロイドは母子でツガウ夢を見るか ？,ムルの本箱,ムルの本箱,,,,,,,local tag semantics + example titles/authors,
桜の灯る日へ,桜の灯る日へ,桜の灯る日へ,,CREATOR_ENTITY,作者/社团等创作者实体,IGNORE,EXCLUDE,OK,False,medium,REVIEW_MEDIUM,KEEP_CANONICAL,True,1,0.0005577244841048,1,0.0004859086491739,7.936828526467844,7.936828526467844,UNKNOWN,UNKNOWN,UNRESOLVED,PRIMARY,近所の人妻さん,桜の灯る日へ,桜の灯る日へ,,,,,,,public web corroboration + local examples,https://dou-jin.net/category/%E6%A1%9C%E3%81%AE%E7%81%AF%E3%82%8B%E6%97%A5%E3%81%B8/
子宮透視,子宮透視,子宮透視,,VISUAL_STYLE,画面表现或视觉风格,MODIFIER,MODIFIER_ONLY,OK,True,medium,REVIEW_MEDIUM,KEEP_CANONICAL,True,1,0.0005577244841048,1,0.0004859086491739,7.936828526467844,7.936828526467844,UNKNOWN,UNKNOWN,UNRESOLVED,PRIMARY,婚約者の妹は顔SSR、性格最悪地獄のエロダンス女。 | 未婚妻的妹妹是颜值SSR、性格烂到极点的擦边舞女孩。,印度カリー,印度カリー,,,,,,,local tag semantics + example titles/authors,
子宮脫落,子宮脫落,子宮脫落,,PHYSIOLOGY_STATE,生理、身体状态或生殖状态,CORE,HIGH_PRECISION_ANCHOR,OK,True,medium,REVIEW_MEDIUM,KEEP_CANONICAL,True,1,0.0005577244841048,1,0.0004859086491739,7.936828526467844,7.936828526467844,UNKNOWN,UNKNOWN,UNRESOLVED,PRIMARY,おいでませ!!自由風俗幻想郷2泊3日の旅 葉月 (東方Project),にゅう,にゅう,,,,,,,local tag semantics + example titles/authors,
KOF：不知火舞,kof:不知火舞,KOF: 不知火舞,The King of Fighters,FANDOM_CHARACTER,作品/IP中的具体角色,CORE,HIGH_PRECISION_ANCHOR,OK,True,medium,REVIEW_MEDIUM,MERGE_ALIAS,True,1,0.0005577244841048,1,0.0004859086491739,7.936828526467844,7.936828526467844,UNKNOWN,UNKNOWN,UNRESOLVED,PRIMARY,sakimichan合集（131）,sakimichan,sakimichan,fate / grand order | pokemon | fate: 櫻 | fate/stay night,,,,,,local tag semantics + example titles/authors,
MOB (路人),mob (路人,MOB (路人),,IDENTITY_ROLE,人物身份、职业或社会角色,CORE,HIGH_PRECISION_ANCHOR,OK,True,medium,REVIEW_MEDIUM,KEEP_CANONICAL,True,1,0.0005577244841048,1,0.0004859086491739,7.936828526467844,7.936828526467844,UNKNOWN,UNKNOWN,UNRESOLVED,PRIMARY,布団かぶって狸寝入り、既成事実を作りたい女戦士ちゃん,にぎりうさぎ,にぎりうさぎ,,,,,,,local tag semantics + example titles/authors,
社團,社團,社團,,SETTING_LOCATION,地点或场景设定,SECONDARY,SECONDARY_RECALL,OK,True,medium,REVIEW_MEDIUM,KEEP_CANONICAL,True,1,0.0005577244841048,2,0.0009718172983479,7.53136341835968,7.53136341835968,UNKNOWN,UNKNOWN,UNRESOLVED,PRIMARY,先輩が僕にシてるコト | 學姐對我做的事1+2 [中文] [無修正],笹森トモエ,笹森トモエ,,,,,,,local tag semantics + example titles/authors,
巨乳,巨乳,巨乳,,BODY_ATTRIBUTE,身体或解剖属性,CORE,BROAD_RECALL,OK,True,high,ACCEPT_HIGH_CONF,KEEP_CANONICAL,False,1259,0.702175125488009,1289,0.6263362487852284,1.4675782096720718,1847.6809659771384,KNOWN,CHARACTER_BODY_ATTRIBUTE,CORE,PRIMARY,チートアイテム管理局のお仕事EX 散々ヤラれた後だし、どうせ全部忘れるから、被害者つまみ食いしてもいいよね | 作弊道具管理局的工作EX 都已经被干个够了、反正之后全都会忘记、那么我偷偷享用被害者也没,にゅう工房,異世界転移した子供部屋おじさんがモテモテ主人公の取り巻き女全員をチ〇ポ奴隷にしてやりました。 異世界轉移的家裡蹲歐吉桑把帥哥勇者隊伍中的所有女性成員調教成為後宮奴隸了。 無修正 無碼,無洗米,巨乳が2人いないと勃起しない夫のために友達を連れてきた妻総集編｜為了沒有兩個巨乳就無法勃起的丈夫妻子帶來了自己的朋友總集篇 [中国翻訳] [無修正] [DL版],立花オミナ,短篇 | 長篇 | 純愛 | 後宮閃光 | 單行本,にゅう工房 | 無洗米 | 立花オミナ | バケツプリン | 桜湯ハル,,local tag semantics + example titles/authors,
中出,中出,中出,,SEXUAL_BEHAVIOR,行为类内容标签,CORE,BROAD_RECALL,OK,True,high,ACCEPT_HIGH_CONF,KEEP_CANONICAL,False,1109,0.6185164528722811,1150,0.5587949465500486,1.5815892983059068,1753.9825318212506,KNOWN,FETISH_TROPE,CORE,PRIMARY,チートアイテム管理局のお仕事EX 散々ヤラれた後だし、どうせ全部忘れるから、被害者つまみ食いしてもいいよね | 作弊道具管理局的工作EX 都已经被干个够了、反正之后全都会忘记、那么我偷偷享用被害者也没,にゅう工房,異世界転移した子供部屋おじさんがモテモテ主人公の取り巻き女全員をチ〇ポ奴隷にしてやりました。 異世界轉移的家裡蹲歐吉桑把帥哥勇者隊伍中的所有女性成員調教成為後宮奴隸了。 無修正 無碼,無洗米,巨乳が2人いないと勃起しない夫のために友達を連れてきた妻総集編｜為了沒有兩個巨乳就無法勃起的丈夫妻子帶來了自己的朋友總集篇 [中国翻訳] [無修正] [DL版],立花オミナ,短篇 | 長篇 | 純愛 | 後宮閃光 | 單行本,にゅう工房 | 無洗米 | 立花オミナ | バケツプリン | 桜湯ハル,,local tag semantics + example titles/authors,
口交,口交,口交,,SEXUAL_BEHAVIOR,行为类内容标签,CORE,BROAD_RECALL,OK,True,high,ACCEPT_HIGH_CONF,KEEP_CANONICAL,False,994,0.5543781372002231,1023,0.4970845481049563,1.6985039014283363,1688.3128780197665,KNOWN,FETISH_TROPE,CORE,PRIMARY,チートアイテム管理局のお仕事EX 散々ヤラれた後だし、どうせ全部忘れるから、被害者つまみ食いしてもいいよね | 作弊道具管理局的工作EX 都已经被干个够了、反正之后全都会忘记、那么我偷偷享用被害者也没,にゅう工房,異世界転移した子供部屋おじさんがモテモテ主人公の取り巻き女全員をチ〇ポ奴隷にしてやりました。 異世界轉移的家裡蹲歐吉桑把帥哥勇者隊伍中的所有女性成員調教成為後宮奴隸了。 無修正 無碼,無洗米,巨乳が2人いないと勃起しない夫のために友達を連れてきた妻総集編｜為了沒有兩個巨乳就無法勃起的丈夫妻子帶來了自己的朋友總集篇 [中国翻訳] [無修正] [DL版],立花オミナ,短篇 | 長篇 | 純愛 | 後宮閃光 | 單行本,にゅう工房 | 無洗米 | 立花オミナ | バケツプリン | 桜湯ハル,,local tag semantics + example titles/authors,
橫切面,橫切面,橫切面,,VISUAL_STYLE,画面表现或视觉风格,MODIFIER,MODIFIER_ONLY,OK,True,high,ACCEPT_HIGH_CONF,KEEP_CANONICAL,False,556,0.3100948131622978,569,0.2764820213799805,2.284339346199194,1270.0926764867518,UNKNOWN,UNKNOWN,UNRESOLVED,PRIMARY,チートアイテム管理局のお仕事EX 散々ヤラれた後だし、どうせ全部忘れるから、被害者つまみ食いしてもいいよね | 作弊道具管理局的工作EX 都已经被干个够了、反正之后全都会忘记、那么我偷偷享用被害者也没,にゅう工房,巨乳が2人いないと勃起しない夫のために友達を連れてきた妻総集編｜為了沒有兩個巨乳就無法勃起的丈夫妻子帶來了自己的朋友總集篇 [中国翻訳] [無修正] [DL版],立花オミナ,「お前がフった陰キャ女、今じゃフォロワー100万人超えの爆乳グラビアアイドルだぞ？w」 ―彼女のいる俺をむちむち爆乳ボディで誘惑してきて逆NTR―,バケツプリン,短篇 | 長篇 | 後宮閃光 | 單行本 | 強暴,にゅう工房 | 立花オミナ | バケツプリン | sage・ジョー | 朝凪,,local tag semantics + example titles/authors,
乳交,乳交,乳交,,SEXUAL_BEHAVIOR,行为类内容标签,CORE,BROAD_RECALL,OK,True,high,ACCEPT_HIGH_CONF,KEEP_CANONICAL,False,495,0.2760736196319018,508,0.2468415937803693,2.3975276904772667,1186.776206786247,KNOWN,FETISH_TROPE,CORE,PRIMARY,チートアイテム管理局のお仕事EX 散々ヤラれた後だし、どうせ全部忘れるから、被害者つまみ食いしてもいいよね | 作弊道具管理局的工作EX 都已经被干个够了、反正之后全都会忘记、那么我偷偷享用被害者也没,にゅう工房,異世界転移した子供部屋おじさんがモテモテ主人公の取り巻き女全員をチ〇ポ奴隷にしてやりました。 異世界轉移的家裡蹲歐吉桑把帥哥勇者隊伍中的所有女性成員調教成為後宮奴隸了。 無修正 無碼,無洗米,巨乳が2人いないと勃起しない夫のために友達を連れてきた妻総集編｜為了沒有兩個巨乳就無法勃起的丈夫妻子帶來了自己的朋友總集篇 [中国翻訳] [無修正] [DL版],立花オミナ,短篇 | 長篇 | 純愛 | 後宮閃光 | 單行本,にゅう工房 | 無洗米 | 立花オミナ | バケツプリン | ナビエ遥か2T,,local tag semantics + example titles/authors,
騎乗,騎乗,騎乗,,SEXUAL_BEHAVIOR,行为类内容标签,CORE,CONJUNCTION_ANCHOR,OK,True,high,ACCEPT_HIGH_CONF,KEEP_CANONICAL,False,330,0.1840490797546012,333,0.1618075801749271,2.818834714051089,930.2154556368596,KNOWN,FETISH_TROPE,CORE,PRIMARY,「お前がフった陰キャ女、今じゃフォロワー100万人超えの爆乳グラビアアイドルだぞ？w」 ―彼女のいる俺をむちむち爆乳ボディで誘惑してきて逆NTR―,バケツプリン,引っ越し先の近隣住民の性欲がヤバすぎて、毎日キンタマ空っぽにされる件。 | 关于新家旁的两位邻居的性欲实在太旺盛、蛋蛋每天都被榨到空的这件事情。,桜湯ハル,日焼け跡の娘と夫婦になったその夜、義母もうっかり孕ませてしまう夏プラス | 和带有晒痕的少女成为夫妇的那一晚，由于一念之差让岳母怀孕的夏天2,sage・ジョー,長篇 | 後宮閃光 | 全彩 | 同人,バケツプリン | 桜湯ハル | sage・ジョー | Lunatic*Maiden (ぽるのいぶき)] | パイレーツキャット,,local tag semantics + example titles/authors,
人妻,人妻,人妻,,RELATIONSHIP,关系、亲属或年龄关系,CORE,CONJUNCTION_ANCHOR,OK,True,high,ACCEPT_HIGH_CONF,KEEP_CANONICAL,False,320,0.1784718349135527,325,0.1579203109815354,2.843078325661082,909.7850642115462,KNOWN,RELATIONSHIP_TROPE,CORE,PRIMARY,引っ越し先の近隣住民の性欲がヤバすぎて、毎日キンタマ空っぽにされる件。 | 关于新家旁的两位邻居的性欲实在太旺盛、蛋蛋每天都被榨到空的这件事情。,桜湯ハル,日焼け跡の娘と夫婦になったその夜、義母もうっかり孕ませてしまう夏プラス | 和带有晒痕的少女成为夫妇的那一晚，由于一念之差让岳母怀孕的夏天2,sage・ジョー,りほさんNTR～夫の命令で私、後輩君に抱かれます。～ | 理穗NTR~在老公的命令下，我和他的後輩上床了。~,山本ともみつ,長篇 | 後宮閃光 | NTR | 短篇 | 人妻,桜湯ハル | sage・ジョー | 山本ともみつ | 柴犬五郎 | 心友,,local tag semantics + example titles/authors,
潮吹,潮吹,潮吹,,PHYSIOLOGY_STATE,生理、身体状态或生殖状态,CORE,CONJUNCTION_ANCHOR,OK,True,high,ACCEPT_HIGH_CONF,KEEP_CANONICAL,False,248,0.1383156720580033,251,0.1219630709426627,3.1005466195163662,768.9355616400588,KNOWN,FETISH_TROPE,CORE,PRIMARY,引っ越し先の近隣住民の性欲がヤバすぎて、毎日キンタマ空っぽにされる件。 | 关于新家旁的两位邻居的性欲实在太旺盛、蛋蛋每天都被榨到空的这件事情。,桜湯ハル,VictimGirls Compiled Vol.1 -Victimgirls総集編1- MMO Game Selection (よろず),朝凪,ハーレムでNEWGAME !! vol.4+5 ～VRエロゲでイったら未来はハーレム世界になっていた!-～ [中文] [無修正],ナビエ遥か2T,長篇 | 強暴 | 單行本 | 後宮閃光 | 同人,桜湯ハル | 朝凪 | ナビエ遥か2T | かろちー | 満開開花,,local tag semantics + example titles/authors,
無修正,無修正,無修正,,LANGUAGE_EDITION,语言、翻译或版本元数据,IGNORE,EXCLUDE,OK,False,high,ACCEPT_HIGH_CONF,KEEP_CANONICAL,False,252,0.1405465699944227,266,0.1292517006802721,3.04272704862754,766.7672162541401,EXCLUDED,LANGUAGE_TRANSLATION,IGNORE,NONE,異世界転移した子供部屋おじさんがモテモテ主人公の取り巻き女全員をチ〇ポ奴隷にしてやりました。 異世界轉移的家裡蹲歐吉桑把帥哥勇者隊伍中的所有女性成員調教成為後宮奴隸了。 無修正 無碼,無洗米,巨乳が2人いないと勃起しない夫のために友達を連れてきた妻総集編｜為了沒有兩個巨乳就無法勃起的丈夫妻子帶來了自己的朋友總集篇 [中国翻訳] [無修正] [DL版],立花オミナ,デリ☆サキュ!! vol.1.0+2.0+3.0 ～サキュバスのハーレムに逆デリバリーされて搾り尽くされたレポ～ [中文] [無修正],ナビエ遥か2T,長篇 | 純愛 | 後宮閃光 | 單行本 | 姐姐系,無洗米 | 立花オミナ | ナビエ遥か2T | かろちー,,local tag semantics + example titles/authors,
口爆,口爆,口爆,,SEXUAL_BEHAVIOR,行为类内容标签,CORE,CONJUNCTION_ANCHOR,OK,True,high,ACCEPT_HIGH_CONF,KEEP_CANONICAL,False,225,0.1254880089235917,229,0.1112730806608357,3.191896398104594,718.1766895735336,KNOWN,CONTENT_BEHAVIOR,CORE,PRIMARY,異世界転移した子供部屋おじさんがモテモテ主人公の取り巻き女全員をチ〇ポ奴隷にしてやりました。 異世界轉移的家裡蹲歐吉桑把帥哥勇者隊伍中的所有女性成員調教成為後宮奴隸了。 無修正 無碼,無洗米,ネガティブコントロール (COMIC 快楽天ビースト 2020年8月号) [中国翻訳] [DL版],kakao,ヘマした僕をかばって捕まった先輩女捜査官が悪党共に媚薬漬けでヤられる姿にクズ勃起 (オリジナル),クゥロン,長篇 | 純愛 | 後宮閃光 | 單行本 | 姐姐系,無洗米 | kakao | クゥロン | 愉月綴 | なしぱすた,,local tag semantics + example titles/authors,
短髮,短髮,短髮,,APPEARANCE_TRAIT,外貌、发型、肤色或体型特征,CORE,CONJUNCTION_ANCHOR,OK,True,high,ACCEPT_HIGH_CONF,KEEP_CANONICAL,False,206,0.1148912437255995,207,0.1005830903790087,3.2924376273264717,678.2421512292531,KNOWN,CHARACTER_BODY_ATTRIBUTE,CORE,PRIMARY,チートアイテム管理局のお仕事EX 散々ヤラれた後だし、どうせ全部忘れるから、被害者つまみ食いしてもいいよね | 作弊道具管理局的工作EX 都已经被干个够了、反正之后全都会忘记、那么我偷偷享用被害者也没,にゅう工房,ぽるこれ カースト上位のあの子は実は淫乱ドスケベ痴女-総集編- | 春色收藏 身为同龄人婆罗门的她其实是荒淫无度的痴女-总集篇-,パイレーツキャット,高身長バレー部の清楚系彼女が先輩のモノになってしまう一部始終 2 | 高身材排球部清纯系女友变成了前辈的东西的全过程2,丸新,短篇 | 長篇 | 同人 | NTR | 非人類,にゅう工房 | パイレーツキャット | 丸新 | アンソロジー,,local tag semantics + example titles/authors,
性玩具,性玩具,性玩具,,SEXUAL_BEHAVIOR,行为类内容标签,CORE,CONJUNCTION_ANCHOR,OK,True,high,ACCEPT_HIGH_CONF,KEEP_CANONICAL,False,207,0.1154489682097044,211,0.1025267249757045,3.273389432355777,677.5916124976458,UNKNOWN,UNKNOWN,UNRESOLVED,PRIMARY,VictimGirls Compiled Vol.1 -Victimgirls総集編1- MMO Game Selection (よろず),朝凪,僕のことが好きすぎる年上陰キャお姉さんの性処理生活●REC【2】 | 我与超级无敌喜欢我的年长阴角大姐姐的性处理生活 ● REC 【2】,Lunatic*Maiden (ぽるのいぶき)],ごめんなさい主さま/真的非常抱歉主人1-3 (プリンセスコネクト!Re：Dive) [中国翻訳] [無修正] [DL版],かろちー,長篇 | 強暴 | 單行本 | 全彩 | 同人,朝凪 | Lunatic*Maiden (ぽるのいぶき)] | かろちー | 満開開花 | 大仲いと,,local tag semantics + example titles/authors,
自慰,自慰,自慰,,SEXUAL_BEHAVIOR,行为类内容标签,CORE,CONJUNCTION_ANCHOR,OK,True,high,ACCEPT_HIGH_CONF,KEEP_CANONICAL,False,198,0.1104294478527607,202,0.0981535471331389,3.316769727986002,656.7204061412284,KNOWN,CONTENT_BEHAVIOR,CORE,PRIMARY,VictimGirls Compiled Vol.1 -Victimgirls総集編1- MMO Game Selection (よろず),朝凪,聖女の烙印-Annunciation of despair- # (COMIC BAVEL 2020年3月号) [中国翻訳] [DL版],山田ゴゴゴ,催眠コンビニ アナタと交尾で孕みーマート /催眠便利商店 和你交尾然后受孕超市 [無修正] [中国翻译] [進行中],満開開花,長篇 | 強暴 | 單行本 | NTR | 全彩,朝凪 | 山田ゴゴゴ | 満開開花 | 绀矢ユキオ | アンソロジー,,local tag semantics + example titles/authors,
顏射,顏射,顏射,,SEXUAL_BEHAVIOR,行为类内容标签,CORE,CONJUNCTION_ANCHOR,OK,True,high,ACCEPT_HIGH_CONF,KEEP_CANONICAL,False,172,0.0959286112660345,176,0.0855199222546161,3.4538259744539603,594.0580676060812,KNOWN,CONTENT_BEHAVIOR,CORE,PRIMARY,僕のことが好きすぎる年上陰キャお姉さんの性処理生活●REC【2】 | 我与超级无敌喜欢我的年长阴角大姐姐的性处理生活 ● REC 【2】,Lunatic*Maiden (ぽるのいぶき)],(C96)  NINGEN HATSUDENSYO (Fate/Grand Order) [中国翻訳],じゃが山たらヲ,別冊コミックアンリアル けもみみえっち〜発情期をきっかけに結ばれた獣っ娘たち〜 デジタル版 Vol.2,アンソロジー,長篇 | 全彩 | 短篇 | 同人 | 純愛,Lunatic*Maiden (ぽるのいぶき)] | じゃが山たらヲ | アンソロジー | 桜湯ハル | gonza,fate / grand order,local tag semantics + example titles/authors,
NTR,ntr,NTR,,STORY_TROPE,叙事套路或剧情关系主题,CORE,CONJUNCTION_ANCHOR,OK,True,high,ACCEPT_HIGH_CONF,KEEP_CANONICAL,False,170,0.0948131622978248,179,0.0869776482021379,3.437018856137579,584.2932055433885,KNOWN,RELATIONSHIP_TROPE,CORE,PRIMARY,わたし...変えられちゃいました。 ―アラサーOLがヤリチン大学生達のチ○ポにドハマリするまで― 総集編 [中国翻訳] [DL版],大仲いと,(COMIC1☆15)  はじめての彼女がバイト先の怖い男性社員においしくいただかれちゃった話 (ラブプラス) [中国翻訳],あらくれ,ごめんなさい主さま/真的非常抱歉主人1-3 (プリンセスコネクト!Re：Dive) [中国翻訳] [無修正] [DL版],かろちー,短篇 | NTR | 人妻 | 強暴 | 長篇,大仲いと | あらくれ | かろちー | あきのそら,,local tag semantics + example titles/authors,
長筒襪,長筒襪,長筒襪,,APPEARANCE_OUTFIT,服装、配饰或造型,CORE,CONJUNCTION_ANCHOR,OK,True,high,ACCEPT_HIGH_CONF,KEEP_CANONICAL,False,164,0.0914668153931957,165,0.0801749271137026,3.5179879186712464,576.9500186620844,KNOWN,CHARACTER_BODY_ATTRIBUTE,CORE,PRIMARY,VictimGirls Compiled Vol.1 -Victimgirls総集編1- MMO Game Selection (よろず),朝凪,別冊コミックアンリアル けもみみえっち〜発情期をきっかけに結ばれた獣っ娘たち〜 デジタル版 Vol.2,アンソロジー,転生したら女神がいたので取り敢えず犯した|转生之后发现面前有个女神，二话不说就把她上了,はとめ,長篇 | 強暴 | 單行本 | 非人類 | 短篇,朝凪 | アンソロジー | はとめ | ガガーリン吉、パピコロ | ガガーリン吉,,local tag semantics + example titles/authors,
眼鏡,眼鏡,眼鏡,,APPEARANCE_TRAIT,外貌、发型、肤色或体型特征,CORE,CONJUNCTION_ANCHOR,OK,True,high,ACCEPT_HIGH_CONF,KEEP_CANONICAL,False,154,0.0858895705521472,156,0.075801749271137,3.573729901679481,550.3544048586401,KNOWN,CHARACTER_BODY_ATTRIBUTE,CORE,PRIMARY,催眠コンビニ アナタと交尾で孕みーマート /催眠便利商店 和你交尾然后受孕超市 [無修正] [中国翻译] [進行中],満開開花,少子化対策未来庁 ━ 小野田 光編 ━ チン媚びボディ面接官達のドスケベ誘惑面接〜金玉が空になるまで搾られました〜,KeinV,地味メガネで隠れ巨乳JDのある満員電車での出来事 | 土味眼鏡妹隱藏巨乳JD在滿員電車上會發生的事,うめ丸,全彩 | 長篇 | CG雜圖 | 短篇 | 姐姐系,満開開花 | KeinV | うめ丸 | 92M | あらくれ,,local tag semantics + example titles/authors,
純愛,純愛,純愛,,STORY_TROPE,叙事套路或剧情关系主题,CORE,CONJUNCTION_ANCHOR,OK,True,high,ACCEPT_HIGH_CONF,KEEP_CANONICAL,False,157,0.0875627440044617,168,0.0816326530612244,3.500076992104716,549.5120877604404,KNOWN,GENRE_SETTING,SECONDARY,PRIMARY,異世界転移した子供部屋おじさんがモテモテ主人公の取り巻き女全員をチ〇ポ奴隷にしてやりました。 異世界轉移的家裡蹲歐吉桑把帥哥勇者隊伍中的所有女性成員調教成為後宮奴隸了。 無修正 無碼,無洗米,教えてアゲル2〜巨乳美人お姉さんと浪人生の僕の○○○なお話〜| 让我来教你吧〜巨乳美人大姐姐和落榜生的我〇〇〇的故事〜,パイレーツキャット,異世界来たのでスケベスキルで全力謳歌しようと思う 既然來到異世界就用好色技能盡其所能的謳歌人生 特装版 單行本版本,あきのそら,長篇 | 純愛 | 後宮閃光 | 單行本 | 姐姐系,無洗米 | パイレーツキャット | あきのそら | 美矢火 | あるぷ,lovelive,local tag semantics + example titles/authors,
3P,3p,3P,,SEXUAL_BEHAVIOR,行为类内容标签,CORE,CONJUNCTION_ANCHOR,OK,True,high,ACCEPT_HIGH_CONF,KEEP_CANONICAL,False,154,0.0858895705521472,161,0.0782312925170068,3.542379371795405,545.5264232564924,KNOWN,CONTENT_BEHAVIOR,CORE,PRIMARY,巨乳が2人いないと勃起しない夫のために友達を連れてきた妻総集編｜為了沒有兩個巨乳就無法勃起的丈夫妻子帶來了自己的朋友總集篇 [中国翻訳] [無修正] [DL版],立花オミナ,日焼け跡の娘と夫婦になったその夜、義母もうっかり孕ませてしまう夏プラス | 和带有晒痕的少女成为夫妇的那一晚，由于一念之差让岳母怀孕的夏天2,sage・ジョー,デリ☆サキュ!! vol.1.0+2.0+3.0 ～サキュバスのハーレムに逆デリバリーされて搾り尽くされたレポ～ [中文] [無修正],ナビエ遥か2T,長篇 | 後宮閃光 | 單行本 | 非人類,立花オミナ | sage・ジョー | ナビエ遥か2T | KeinV,,local tag semantics + example titles/authors,
蹦壞臉,蹦壞臉,蹦壞臉,,VISUAL_STYLE,画面表现或视觉风格,MODIFIER,MODIFIER_ONLY,OK,True,high,ACCEPT_HIGH_CONF,KEEP_CANONICAL,False,153,0.0853318460680423,158,0.0767735665694849,3.561071504807558,544.8439402355564,UNKNOWN,UNKNOWN,UNRESOLVED,PRIMARY,聖女の烙印-Annunciation of despair- # (COMIC BAVEL 2020年3月号) [中国翻訳] [DL版],山田ゴゴゴ,私がイったら皆死んじゃう!! ネトゲ廃人は種付けレイプされても手が離せないんです!! (コミックグレープ Vol.70) [中国翻訳],日月ネコ,ごめんなさい主さま/真的非常抱歉主人1-3 (プリンセスコネクト!Re：Dive) [中国翻訳] [無修正] [DL版],かろちー,強暴 | NTR | 長篇 | 短篇 | 同人,山田ゴゴゴ | 日月ネコ | かろちー | おおさわらさだお | 大仲いと,fate / grand order,local tag semantics + example titles/authors,
調教,調教,調教,,FETISH_TROPE,特殊偏好或机制型标签,CORE,CONJUNCTION_ANCHOR,OK,True,high,ACCEPT_HIGH_CONF,KEEP_CANONICAL,False,151,0.0842163970998326,154,0.0748299319727891,3.586550590108543,541.5691391063899,KNOWN,FETISH_TROPE,CORE,PRIMARY,VictimGirls Compiled Vol.1 -Victimgirls総集編1- MMO Game Selection (よろず),朝凪,僕のことが好きすぎる年上陰キャお姉さんの性処理生活●REC【2】 | 我与超级无敌喜欢我的年长阴角大姐姐的性处理生活 ● REC 【2】,Lunatic*Maiden (ぽるのいぶき)],私がイったら皆死んじゃう!! ネトゲ廃人は種付けレイプされても手が離せないんです!! (コミックグレープ Vol.70) [中国翻訳],日月ネコ,長篇 | 強暴 | 單行本 | 全彩 | 短篇,朝凪 | Lunatic*Maiden (ぽるのいぶき)] | 日月ネコ | りゅんぬ | 大仲いと,,local tag semantics + example titles/authors,
群交,群交,群交,,SEXUAL_BEHAVIOR,行为类内容标签,CORE,CONJUNCTION_ANCHOR,OK,True,high,ACCEPT_HIGH_CONF,KEEP_CANONICAL,False,145,0.0808700501952035,151,0.0733722060252672,3.606095186181513,522.8838019963194,UNKNOWN,UNKNOWN,UNRESOLVED,PRIMARY,VictimGirls Compiled Vol.1 -Victimgirls総集編1- MMO Game Selection (よろず),朝凪,デリ☆サキュ!! vol.1.0+2.0+3.0 ～サキュバスのハーレムに逆デリバリーされて搾り尽くされたレポ～ [中文] [無修正],ナビエ遥か2T,わたし…変えられちゃいました。―アラサーOLがヤリチン大学生達のチ○ポにドハマリするまで― [中国翻訳] [DL版],大仲いと,長篇 | 強暴 | 單行本 | 後宮閃光 | 非人類,朝凪 | ナビエ遥か2T | 大仲いと | 呉マサヒロ | うるりひ,fate / grand order,local tag semantics + example titles/authors,
馬尾,馬尾,馬尾,,APPEARANCE_TRAIT,外貌、发型、肤色或体型特征,CORE,CONJUNCTION_ANCHOR,OK,True,high,ACCEPT_HIGH_CONF,KEEP_CANONICAL,False,144,0.0803123257110987,148,0.0719144800777453,3.6260294010823295,522.1482337558556,KNOWN,CHARACTER_BODY_ATTRIBUTE,CORE,PRIMARY,ぽるこれ カースト上位のあの子は実は淫乱ドスケベ痴女-総集編- | 春色收藏 身为同龄人婆罗门的她其实是荒淫无度的痴女-总集篇-,パイレーツキャット,ダークエルフのお姉さんに拾われて (web配信転生ものアンソロジー 転生したら交合しちまった件 Vol.2),オギノ,Ain't No Stoppin' Us Now (コミックホットミルク 2025年3月号),じゃが山たらヲ,長篇 | 同人 | 短篇 | 單行本 | 全彩,パイレーツキャット | オギノ | じゃが山たらヲ | 広弥 | pz-x,,local tag semantics + example titles/authors,
肛交,肛交,肛交,,SEXUAL_BEHAVIOR,行为类内容标签,CORE,CONJUNCTION_ANCHOR,OK,True,high,ACCEPT_HIGH_CONF,KEEP_CANONICAL,False,138,0.0769659788064696,145,0.0704567541302235,3.646369085319453,503.1989337740845,KNOWN,CONTENT_BEHAVIOR,CORE,PRIMARY,引っ越し先の近隣住民の性欲がヤバすぎて、毎日キンタマ空っぽにされる件。 | 关于新家旁的两位邻居的性欲实在太旺盛、蛋蛋每天都被榨到空的这件事情。,桜湯ハル,僕のことが好きすぎる年上陰キャお姉さんの性処理生活●REC【2】 | 我与超级无敌喜欢我的年长阴角大姐姐的性处理生活 ● REC 【2】,Lunatic*Maiden (ぽるのいぶき)],デリ☆サキュ!! vol.1.0+2.0+3.0 ～サキュバスのハーレムに逆デリバリーされて搾り尽くされたレポ～ [中文] [無修正],ナビエ遥か2T,長篇 | 全彩 | 後宮閃光 | 非人類 | 同人,桜湯ハル | Lunatic*Maiden (ぽるのいぶき)] | ナビエ遥か2T | かろちー,,local tag semantics + example titles/authors,
御姐,御姐,御姐,,IDENTITY_ROLE,人物身份、职业或社会角色,CORE,CONJUNCTION_ANCHOR,OK,True,high,ACCEPT_HIGH_CONF,KEEP_CANONICAL,False,134,0.0747350808700502,134,0.06511175898931,3.72470092858936,499.1099244309742,KNOWN,CHARACTER_IDENTITY_ROLE,CORE,PRIMARY,R.O.D 19 -Rider or Die- (Fate/hollow ataraxia) [中国翻訳] [DL版],綾野なおと,紫式部 FGOイチャラブエロ合同 純愛特異点ラブデア (Fate Grand Order) [中国翻訳] [DL版],仲村レグラ,えろえろまっさーじ (別冊COMIC GEE アンソロジー 悶えて喘ぐ!!ほしがりな人妻たち!!),心友,短篇 | 同人 | 姐姐系 | Fate | SM,綾野なおと | 仲村レグラ | 心友 | gonza | なしぱすた,fate: 騎兵 rider | fate: 士狼 | fate / grand order,local tag semantics + example titles/authors,
全彩,全彩,全彩,,VISUAL_STYLE,画面表现或视觉风格,MODIFIER,MODIFIER_ONLY,OK,True,high,ACCEPT_HIGH_CONF,KEEP_CANONICAL,False,133,0.0741773563859453,141,0.0685131195335276,3.6741486494265287,488.6617703737283,KNOWN,VISUAL_STYLE,MODIFIER,SECONDARY,催眠コンビニ アナタと交尾で孕みーマート /催眠便利商店 和你交尾然后受孕超市 [無修正] [中国翻译] [進行中],満開開花,二人の相性～プロローグ+幼なじみとねっとりイチャラブ 1-3.2+JKエトセトラ 总集篇 [DL版] [中国翻訳],美矢火,Go To コヅクリ ～おれが過疎化の進む田舎の村で適齢期の女たちへの種付をお願いされたワケ～ [中国翻訳],呉マサヒロ,全彩 | 長篇 | CG雜圖 | 純愛 | 後宮閃光,満開開花 | 美矢火 | 呉マサヒロ | YD | ズッキーニ,fate / grand order,local tag semantics + example titles/authors,
劇情,劇情,劇情,,GENRE_THEME,题材、类型或整体主题,CORE,CONJUNCTION_ANCHOR,OK,True,high,ACCEPT_HIGH_CONF,KEEP_CANONICAL,False,134,0.0747350808700502,146,0.0709426627793974,3.639543120249053,487.6987781133731,KNOWN,STORY_THEME,CORE,PRIMARY,美龙艳笑谭～自我肯定感超低的龙级美少女魔王、勇者用爱将其击败的故事～/美龍艶笑譚～自己肯定感が激低なドラゴン級美少女魔王を、勇者がイチャラブで退治するお話～至2.2话,"ブラック木蓮,郊外の某",妖精娼館 3号室レイシー 〜褐色肌エルフを指名した童貞オーク〜 2 | 妖精妓院3号技师蕾西~指名了褐色肌肤精灵的处男兽人先生~,煎茶柱、麥茶柱,ごめんなさい主さま/真的非常抱歉主人1-3 (プリンセスコネクト!Re：Dive) [中国翻訳] [無修正] [DL版],かろちー,禁書目錄 | 長篇 | 短篇 | 同人 | NTR,"ブラック木蓮,郊外の某 | 煎茶柱、麥茶柱 | かろちー | utu | 大仲いと",,local tag semantics + example titles/authors,
熟女,熟女,熟女,,IDENTITY_ROLE,人物身份、职业或社会角色,CORE,CONJUNCTION_ANCHOR,OK,True,high,ACCEPT_HIGH_CONF,KEEP_CANONICAL,False,119,0.0663692136084774,120,0.0583090379008746,3.834185161431048,456.26803421029473,KNOWN,RELATIONSHIP_TROPE,CORE,PRIMARY,わたし...変えられちゃいました。 ―アラサーOLがヤリチン大学生達のチ○ポにドハマリするまで― 総集編 [中国翻訳] [DL版],大仲いと,(コミティア124) 縁 Special EXtra FRIEND + おまけペーパー [中国翻訳],アレグロ,えろえろまっさーじ (別冊COMIC GEE アンソロジー 悶えて喘ぐ!!ほしがりな人妻たち!!),心友,短篇 | NTR | 人妻 | 強暴 | 長篇,大仲いと | アレグロ | 心友 | XTER | さんじゅうろう,,local tag semantics + example titles/authors,
泳裝,泳裝,泳裝,,APPEARANCE_OUTFIT,服装、配饰或造型,CORE,CONJUNCTION_ANCHOR,OK,True,high,ACCEPT_HIGH_CONF,KEEP_CANONICAL,False,113,0.0630228667038483,115,0.0558794946550048,3.8763855159214247,438.031563299121,KNOWN,CHARACTER_BODY_ATTRIBUTE,CORE,PRIMARY,(C100)  SUKEBE ORDER VOL.3 (Fate/Grand Order) [中国翻訳],うるりひ,陸上部のボクっ娘同級生が中年顧問にメスにされる一部始終 | 田径部的女汉子同级生被中年顾问雌性化的全过程,丸新,ネガティブコントロール (COMIC 快楽天ビースト 2020年8月号) [中国翻訳] [DL版],kakao,短篇 | 同人 | 後宮閃光 | 非人類 | Fate,うるりひ | 丸新 | kakao | XTER | よこやまなおき,fate / grand order,local tag semantics + example titles/authors,
指交,指交,指交,,SEXUAL_BEHAVIOR,行为类内容标签,CORE,CONJUNCTION_ANCHOR,OK,True,high,ACCEPT_HIGH_CONF,KEEP_CANONICAL,False,109,0.0607919687674288,109,0.0529640427599611,3.9294953412353735,428.3149921946557,KNOWN,CONTENT_BEHAVIOR,CORE,PRIMARY,巨乳が2人いないと勃起しない夫のために友達を連れてきた妻総集編｜為了沒有兩個巨乳就無法勃起的丈夫妻子帶來了自己的朋友總集篇 [中国翻訳] [無修正] [DL版],立花オミナ,崖っぷちアイドル、初めてのグラビア撮影で絶頂！？〜水着の中までマッサージされるなんて聞いてません！〜,ababari,地味メガネで隠れ巨乳JDのある満員電車での出来事 | 土味眼鏡妹隱藏巨乳JD在滿員電車上會發生的事,うめ丸,長篇 | 後宮閃光 | 單行本 | 短篇 | 強暴,立花オミナ | ababari | うめ丸 | むうつき、雪仁 | じゃが山たらヲ,,local tag semantics + example titles/authors,
情趣內衣,情趣內衣,情趣內衣,,APPEARANCE_OUTFIT,服装、配饰或造型,CORE,CONJUNCTION_ANCHOR,OK,True,high,ACCEPT_HIGH_CONF,KEEP_CANONICAL,False,108,0.060234244283324,112,0.0544217687074829,3.902587888315449,421.47949193806846,KNOWN,CHARACTER_BODY_ATTRIBUTE,CORE,PRIMARY,雑貨屋を営む俺と毎日店に通う小さいフェネック種のお姉さんシリーズ｜开杂货店的我与每天来光顾的小型狐族姐姐 [中国翻译],犬魔人,(コミティア124) 縁 Special EXtra FRIEND + おまけペーパー [中国翻訳],アレグロ,高嶺家の一輪華 ~gypsophila~ (コミック エグゼ 27) [中国翻訳] [DL版],黒ノ樹,短篇 | 非人類 | CG雜圖 | 人妻 | NTR,犬魔人 | アレグロ | 黒ノ樹 | XTER | 92M,,local tag semantics + example titles/authors,
連褲絲襪,連褲絲襪,連褲絲襪,,APPEARANCE_OUTFIT,服装、配饰或造型,CORE,CONJUNCTION_ANCHOR,OK,True,high,ACCEPT_HIGH_CONF,KEEP_CANONICAL,False,101,0.05633017289459,106,0.0515063168124392,3.9571468725658834,399.6718341291542,KNOWN,CHARACTER_BODY_ATTRIBUTE,CORE,PRIMARY,巨乳が2人いないと勃起しない夫のために友達を連れてきた妻総集編｜為了沒有兩個巨乳就無法勃起的丈夫妻子帶來了自己的朋友總集篇 [中国翻訳] [無修正] [DL版],立花オミナ,催眠コンビニ アナタと交尾で孕みーマート /催眠便利商店 和你交尾然后受孕超市 [無修正] [中国翻译] [進行中],満開開花,メイドのおしごと (COMIC快楽天 2018年5月号) [CE_1583&MJK-18-Z1105] [無修正],オガデンモン,長篇 | 後宮閃光 | 單行本 | 全彩 | CG雜圖,立花オミナ | 満開開花 | オガデンモン | うめ丸 | いづれ,,local tag semantics + example titles/authors,
強暴,強暴,強暴,,CONTROL_COERCION,控制、约束或非自愿情境标签,CORE,CONJUNCTION_ANCHOR,OK,True,high,ACCEPT_HIGH_CONF,KEEP_CANONICAL,False,99,0.0552147239263803,110,0.053449951409135,3.9204455057154552,388.12410506583007,KNOWN,CONTENT_BEHAVIOR,CORE,PRIMARY,(COMIC1☆15)  はじめての彼女がバイト先の怖い男性社員においしくいただかれちゃった話 (ラブプラス) [中国翻訳],あらくれ,メイドのおしごと (COMIC快楽天 2018年5月号) [CE_1583&MJK-18-Z1105] [無修正],オガデンモン,異世界来たのでスケベスキルで全力謳歌しようと思う 既然來到異世界就用好色技能盡其所能的謳歌人生 特装版 單行本版本,あきのそら,短篇 | NTR | 強暴 | 長篇 | 純愛,あらくれ | オガデンモン | あきのそら | doumou | スギユウ,,local tag semantics + example titles/authors,
女高中生(JK) ,女高中生(jk,女高中生(JK),,AGE_CODED_CHARACTER,明确年龄编码的人物标签,SAFETY_EXCLUDE,SAFETY_BLOCKED,BLOCK_MINOR_EXPLICIT,False,high,SAFETY_BLOCK,KEEP_CANONICAL,False,95,0.0529838259899609,98,0.0476190476190476,4.034855856893199,383.311306404854,KNOWN,CHARACTER_IDENTITY_ROLE,CORE,PRIMARY,催眠コンビニ アナタと交尾で孕みーマート /催眠便利商店 和你交尾然后受孕超市 [無修正] [中国翻译] [進行中],満開開花,二人の相性～プロローグ+幼なじみとねっとりイチャラブ 1-3.2+JKエトセトラ 总集篇 [DL版] [中国翻訳],美矢火,おじさんで埋める穴 〜チーム☆ラッキー作品集〜 被歐吉桑塞滿的那裡 〜チーム☆ラッキー作品集〜 薄碼版 單行本,チーム☆ラッキー,全彩 | 長篇 | CG雜圖 | 純愛 | 單行本,満開開花 | 美矢火 | チーム☆ラッキー | 绀矢ユキオ | 呉マサヒロ,,local tag semantics + example titles/authors,
榨精,榨精,榨精,,SEXUAL_BEHAVIOR,行为类内容标签,CORE,CONJUNCTION_ANCHOR,OK,True,high,ACCEPT_HIGH_CONF,KEEP_CANONICAL,False,93,0.0518683770217512,96,0.0466472303206997,4.055264728524406,377.1396197527698,KNOWN,CONTENT_BEHAVIOR,CORE,PRIMARY,異世界転移した子供部屋おじさんがモテモテ主人公の取り巻き女全員をチ〇ポ奴隷にしてやりました。 異世界轉移的家裡蹲歐吉桑把帥哥勇者隊伍中的所有女性成員調教成為後宮奴隸了。 無修正 無碼,無洗米,デリ☆サキュ!! vol.1.0+2.0+3.0 ～サキュバスのハーレムに逆デリバリーされて搾り尽くされたレポ～ [中文] [無修正],ナビエ遥か2T,ごめんなさい主さま/真的非常抱歉主人1-3 (プリンセスコネクト!Re：Dive) [中国翻訳] [無修正] [DL版],かろちー,長篇 | 純愛 | 後宮閃光 | 單行本 | 姐姐系,無洗米 | ナビエ遥か2T | かろちー | utu | おおさわらさだお,fate / grand order,local tag semantics + example titles/authors,
手交,手交,手交,,SEXUAL_BEHAVIOR,行为类内容标签,CORE,CONJUNCTION_ANCHOR,OK,True,high,ACCEPT_HIGH_CONF,KEEP_CANONICAL,False,88,0.0490797546012269,88,0.042759961127308,4.1413393372956495,364.4378616820172,KNOWN,CONTENT_BEHAVIOR,CORE,PRIMARY,僕のことが好きすぎる年上陰キャお姉さんの性処理生活●REC【2】 | 我与超级无敌喜欢我的年长阴角大姐姐的性处理生活 ● REC 【2】,Lunatic*Maiden (ぽるのいぶき)],マモノノヘヤ 〜6年ぶりに再会したら引きこもりニートになっていた親友のお姉さんに迫られて精液を搾り取られる話〜,桃雲,おとなりの人妻(35) 〜歳の差なんて(上)~ + 俺だけの熟れ妻(45)〜歳の差なんて(下)〜,gonza,長篇 | 全彩 | 短篇 | 人妻 | CG雜圖,Lunatic*Maiden (ぽるのいぶき)] | 桃雲 | gonza | 朝寝ケン | うまくち醤油,,local tag semantics + example titles/authors,
女僕,女僕,女僕,,IDENTITY_ROLE,人物身份、职业或社会角色,CORE,CONJUNCTION_ANCHOR,OK,True,high,ACCEPT_HIGH_CONF,KEEP_CANONICAL,False,84,0.0468488566648075,86,0.0417881438289601,4.1640675883732055,349.78167742334927,KNOWN,CHARACTER_IDENTITY_ROLE,CORE,PRIMARY,妖精娼館 3号室レイシー 〜褐色肌エルフを指名した童貞オーク〜 2 | 妖精妓院3号技师蕾西~指名了褐色肌肤精灵的处男兽人先生~,煎茶柱、麥茶柱,メイドのおしごと (COMIC快楽天 2018年5月号) [CE_1583&MJK-18-Z1105] [無修正],オガデンモン,別冊コミックアンリアル けもみみえっち〜発情期をきっかけに結ばれた獣っ娘たち〜 デジタル版 Vol.2,アンソロジー,短篇 | 強暴 | 非人類 | 同人 | 足の恋,煎茶柱、麥茶柱 | オガデンモン | アンソロジー | ぐすたふ | 雛咲葉,偶像大師灰姑娘,local tag semantics + example titles/authors,
阿嘿顏,阿嘿顏,阿嘿顏,,VISUAL_STYLE,画面表现或视觉风格,MODIFIER,MODIFIER_ONLY,OK,True,high,ACCEPT_HIGH_CONF,KEEP_CANONICAL,False,82,0.0457334076965978,84,0.0408163265306122,4.1873244505374725,343.36060494407275,UNKNOWN,UNKNOWN,UNRESOLVED,PRIMARY,引っ越し先の近隣住民の性欲がヤバすぎて、毎日キンタマ空っぽにされる件。 | 关于新家旁的两位邻居的性欲实在太旺盛、蛋蛋每天都被榨到空的这件事情。,桜湯ハル,日焼け跡の娘と夫婦になったその夜、義母もうっかり孕ませてしまう夏プラス | 和带有晒痕的少女成为夫妇的那一晚，由于一念之差让岳母怀孕的夏天2,sage・ジョー,僕のことが好きすぎる年上陰キャお姉さんの性処理生活●REC【2】 | 我与超级无敌喜欢我的年长阴角大姐姐的性处理生活 ● REC 【2】,Lunatic*Maiden (ぽるのいぶき)],長篇 | 後宮閃光 | 全彩 | NTR,桜湯ハル | sage・ジョー | Lunatic*Maiden (ぽるのいぶき)] | ナビエ遥か2T | 印度カリー,,local tag semantics + example titles/authors,
拘束,拘束,拘束,,CONTROL_COERCION,控制、约束或非自愿情境标签,CORE,CONJUNCTION_ANCHOR,OK,True,high,ACCEPT_HIGH_CONF,KEEP_CANONICAL,False,80,0.0446179587283881,81,0.0393586005830903,4.223256459763537,337.86051678108294,KNOWN,CONTENT_BEHAVIOR,CORE,PRIMARY,崖っぷちアイドル、初めてのグラビア撮影で絶頂！？〜水着の中までマッサージされるなんて聞いてません！〜,ababari,ヘマした僕をかばって捕まった先輩女捜査官が悪党共に媚薬漬けでヤられる姿にクズ勃起 (オリジナル),クゥロン,ワカラセ総集編～終わらない悪夢と溺れるオンナたち～＋新規描き下ろし漫画２１ページ[中国翻译],むうつき、雪仁,短篇 | 強暴 | 長篇 | 單行本 | 人妻,ababari | クゥロン | むうつき、雪仁 | よもぎ豆太郎 | 心友,,local tag semantics + example titles/authors,
野外 / 露出,野外 / 露出,野外 / 露出,,SETTING_LOCATION,地点或场景设定,SECONDARY,SECONDARY_RECALL,OK,True,high,ACCEPT_HIGH_CONF,KEEP_CANONICAL,False,80,0.0446179587283881,83,0.0403304178814382,4.199158908184476,335.93271265475806,KNOWN,CONTENT_BEHAVIOR,CORE,PRIMARY,R.O.D 19 -Rider or Die- (Fate/hollow ataraxia) [中国翻訳] [DL版],綾野なおと,寝取られた爆乳ブロンド妻エレナ ―大和撫子に憧れてたらオナホ撫子になってましたw―,ガガーリン吉,処女エロ漫画家の育成はリアル生エッチ! (comicsアンスリウムVol.78),ぱんちらステーキ,短篇 | 同人 | 姐姐系 | Fate | SM,綾野なおと | ガガーリン吉 | ぱんちらステーキ | 3104 | ひょころー,fate: 騎兵 rider | fate: 士狼 | 偶像大師,local tag semantics + example titles/authors,
雙馬尾,雙馬尾,雙馬尾,,APPEARANCE_TRAIT,外貌、发型、肤色或体型特征,CORE,CONJUNCTION_ANCHOR,OK,True,high,ACCEPT_HIGH_CONF,KEEP_CANONICAL,False,80,0.0446179587283881,86,0.0417881438289601,4.1640675883732055,333.12540706985646,KNOWN,CHARACTER_BODY_ATTRIBUTE,CORE,PRIMARY,チートアイテム管理局のお仕事EX 散々ヤラれた後だし、どうせ全部忘れるから、被害者つまみ食いしてもいいよね | 作弊道具管理局的工作EX 都已经被干个够了、反正之后全都会忘记、那么我偷偷享用被害者也没,にゅう工房,ぽるこれ カースト上位のあの子は実は淫乱ドスケベ痴女-総集編- | 春色收藏 身为同龄人婆罗门的她其实是荒淫无度的痴女-总集篇-,パイレーツキャット,ネガティブコントロール (COMIC 快楽天ビースト 2020年8月号) [中国翻訳] [DL版],kakao,短篇 | 長篇 | 同人 | 純愛 | 後宮閃光,にゅう工房 | パイレーツキャット | kakao | karory | 笹森トモエ,,local tag semantics + example titles/authors,
黑皮,黑皮,黑皮,,APPEARANCE_TRAIT,外貌、发型、肤色或体型特征,CORE,CONJUNCTION_ANCHOR,OK,True,high,ACCEPT_HIGH_CONF,KEEP_CANONICAL,False,78,0.0435025097601784,80,0.0388726919339164,4.235526552355351,330.37107108371737,KNOWN,CHARACTER_BODY_ATTRIBUTE,CORE,PRIMARY,美龙艳笑谭～自我肯定感超低的龙级美少女魔王、勇者用爱将其击败的故事～/美龍艶笑譚～自己肯定感が激低なドラゴン級美少女魔王を、勇者がイチャラブで退治するお話～至2.2话,"ブラック木蓮,郊外の某",デリ☆サキュ!! vol.1.0+2.0+3.0 ～サキュバスのハーレムに逆デリバリーされて搾り尽くされたレポ～ [中文] [無修正],ナビエ遥か2T,妖精娼館 3号室レイシー 〜褐色肌エルフを指名した童貞オーク〜 1 | 精灵妓院 3号技师蕾西～指名了褐色肌肤精灵的处男兽人先生～ 1,煎茶柱、麥茶柱,禁書目錄 | 長篇 | 後宮閃光 | 非人類 | 短篇,"ブラック木蓮,郊外の某 | ナビエ遥か2T | 煎茶柱、麥茶柱",,local tag semantics + example titles/authors,
破處,破處,破處,,PHYSIOLOGY_STATE,生理、身体状态或生殖状态,CORE,CONJUNCTION_ANCHOR,OK,True,high,ACCEPT_HIGH_CONF,KEEP_CANONICAL,False,78,0.0435025097601784,88,0.042759961127308,4.1413393372956495,323.02446830906064,KNOWN,CONTENT_BEHAVIOR,CORE,PRIMARY,異世界転移した子供部屋おじさんがモテモテ主人公の取り巻き女全員をチ〇ポ奴隷にしてやりました。 異世界轉移的家裡蹲歐吉桑把帥哥勇者隊伍中的所有女性成員調教成為後宮奴隸了。 無修正 無碼,無洗米,異世界来たのでスケベスキルで全力謳歌しようと思う 既然來到異世界就用好色技能盡其所能的謳歌人生 特装版 單行本版本,あきのそら,おじさんで埋める穴 〜チーム☆ラッキー作品集〜 被歐吉桑塞滿的那裡 〜チーム☆ラッキー作品集〜 薄碼版 單行本,チーム☆ラッキー,長篇 | 純愛 | 後宮閃光 | 單行本 | 姐姐系,無洗米 | あきのそら | チーム☆ラッキー | 桜湯ハル | 92M,,local tag semantics + example titles/authors,
浴室,浴室,浴室,,SETTING_LOCATION,地点或场景设定,SECONDARY,SECONDARY_RECALL,OK,True,high,ACCEPT_HIGH_CONF,KEEP_CANONICAL,False,74,0.041271611823759,76,0.0369290573372206,4.286170285174105,317.1766011028837,KNOWN,GENRE_SETTING,SECONDARY,PRIMARY,少子化対策未来庁 ━ 小野田 光編 ━ チン媚びボディ面接官達のドスケベ誘惑面接〜金玉が空になるまで搾られました〜,KeinV,ハニーテンプテーション + デジタル特装版♥限定特典 次はこうはいかないからな!後日談,広弥,寝取られた爆乳ブロンド妻エレナ ―大和撫子に憧れてたらオナホ撫子になってましたw―,ガガーリン吉,長篇 | 單行本 | 人妻 | NTR | 短篇,KeinV | 広弥 | ガガーリン吉 | じょろり | 彩画堂,,local tag semantics + example titles/authors,
OL,ol,OL,,IDENTITY_ROLE,人物身份、职业或社会角色,CORE,CONJUNCTION_ANCHOR,OK,True,high,ACCEPT_HIGH_CONF,KEEP_CANONICAL,False,73,0.0407138873396542,73,0.0354713313896987,4.32591061382362,315.7914748091242,KNOWN,CHARACTER_IDENTITY_ROLE,CORE,PRIMARY,私の配属先は性処理課3 〜ギャルなインターン生編〜 | 我被分配的部门是性处理科3~辣妹实习篇~,cielo,Ain't No Stoppin' Us Now (コミックホットミルク 2025年3月号),じゃが山たらヲ,托卵契約 いつも真面目な美人上司（人妻）が、なぜか托卵を迫ってきたので遠慮なく孕ませたった。,心友,長篇 | 短篇 | 人妻 | 單行本,cielo | じゃが山たらヲ | 心友 | ぽちたろ | もじゃりん,,local tag semantics + example titles/authors,
肛內中出,肛內中出,肛內中出,,SEXUAL_BEHAVIOR,行为类内容标签,CORE,CONJUNCTION_ANCHOR,OK,True,high,ACCEPT_HIGH_CONF,KEEP_CANONICAL,False,71,0.0395984383714445,76,0.0369290573372206,4.286170285174105,304.31809024736145,KNOWN,FETISH_TROPE,CORE,PRIMARY,引っ越し先の近隣住民の性欲がヤバすぎて、毎日キンタマ空っぽにされる件。 | 关于新家旁的两位邻居的性欲实在太旺盛、蛋蛋每天都被榨到空的这件事情。,桜湯ハル,デリ☆サキュ!! vol.1.0+2.0+3.0 ～サキュバスのハーレムに逆デリバリーされて搾り尽くされたレポ～ [中文] [無修正],ナビエ遥か2T,ハーレムでNEWGAME !! vol.4+5 ～VRエロゲでイったら未来はハーレム世界になっていた!-～ [中文] [無修正],ナビエ遥か2T,長篇 | 後宮閃光 | 非人類 | 同人 | NTR,桜湯ハル | ナビエ遥か2T | かろちー | 無洗米,,local tag semantics + example titles/authors,
老師,老師,老師,,IDENTITY_ROLE,人物身份、职业或社会角色,CORE,CONJUNCTION_ANCHOR,OK,True,high,ACCEPT_HIGH_CONF,KEEP_CANONICAL,False,70,0.0390407138873396,75,0.0364431486880466,4.299242366741458,300.9469656719021,KNOWN,CHARACTER_IDENTITY_ROLE,CORE,PRIMARY,2年E組全員淫魔 出席番号5番 穂仁原芽依の場合 | 2年级E班全班皆淫魔 学号5号穗仁原 芽依篇,呉マサヒロ,生活圏から離れたド〇キで大人の玩具を物色する姿をヤンチャな生徒に見られてしまう先生 [中国翻訳],ぽりうれたん,結局水泳部顧問のなつみ先生は合宿にかこつけて男子部員達と延々セックスしたいだけなのです。,けけもつ,短篇 | 全彩 | 長篇 | 姐姐系 | 純愛,呉マサヒロ | ぽりうれたん | けけもつ | じぇいく | 虎助遥人,,local tag semantics + example titles/authors,
浴衣,浴衣,浴衣,,APPEARANCE_OUTFIT,服装、配饰或造型,CORE,CONJUNCTION_ANCHOR,OK,True,high,ACCEPT_HIGH_CONF,KEEP_CANONICAL,False,68,0.0379252649191299,71,0.0344995140913508,4.353309588011735,296.025051984798,KNOWN,CHARACTER_BODY_ATTRIBUTE,CORE,PRIMARY,巨乳が2人いないと勃起しない夫のために友達を連れてきた妻総集編｜為了沒有兩個巨乳就無法勃起的丈夫妻子帶來了自己的朋友總集篇 [中国翻訳] [無修正] [DL版],立花オミナ,後輩のシツケカタ なだめたり威したりＯＯしたり—— (COMIC 失楽天 2020年6月号) [中国翻訳] [DL版],utu,乱れ満たされ同窓会 (COMIC 快楽天ビースト 2020年2月号) [中国翻訳] [DL版],山石18,長篇 | 後宮閃光 | 單行本 | 短篇 | 人妻,立花オミナ | utu | 山石18 | 黒ノ樹 | 白野じん,,local tag semantics + example titles/authors,
外遇,外遇,外遇,,STORY_TROPE,叙事套路或剧情关系主题,CORE,CONJUNCTION_ANCHOR,OK,True,high,ACCEPT_HIGH_CONF,KEEP_CANONICAL,False,66,0.0368098159509202,66,0.032069970845481,4.425283087636823,292.0686837840303,KNOWN,RELATIONSHIP_TROPE,CORE,PRIMARY,「お前がフった陰キャ女、今じゃフォロワー100万人超えの爆乳グラビアアイドルだぞ？w」 ―彼女のいる俺をむちむち爆乳ボディで誘惑してきて逆NTR―,バケツプリン,(C99)  Special EXtra FRIEND セフレ妻ゆかり Vol.01 RE [中国翻訳],アレグロ,イケナイ関係～味わい尽くす上司妻～ (ANGEL倶楽部 2021年12月号) [中国翻訳] [DL版],柴犬五郎,長篇 | 短篇 | 人妻,バケツプリン | アレグロ | 柴犬五郎 | からあげチャン | じぇいく,,local tag semantics + example titles/authors,
肉便器,肉便器,肉便器,,SEXUAL_BEHAVIOR,行为类内容标签,CORE,CONJUNCTION_ANCHOR,OK,True,high,ACCEPT_HIGH_CONF,KEEP_CANONICAL,False,67,0.0373675404350251,71,0.0344995140913508,4.353309588011735,291.6717423967862,KNOWN,CONTENT_BEHAVIOR,CORE,PRIMARY,異世界転移した子供部屋おじさんがモテモテ主人公の取り巻き女全員をチ〇ポ奴隷にしてやりました。 異世界轉移的家裡蹲歐吉桑把帥哥勇者隊伍中的所有女性成員調教成為後宮奴隸了。 無修正 無碼,無洗米,VictimGirls Compiled Vol.1 -Victimgirls総集編1- MMO Game Selection (よろず),朝凪,聖女の烙印-Annunciation of despair- # (COMIC BAVEL 2020年3月号) [中国翻訳] [DL版],山田ゴゴゴ,長篇 | 純愛 | 後宮閃光 | 單行本 | 姐姐系,無洗米 | 朝凪 | 山田ゴゴゴ | 日月ネコ | アレグロ,,local tag semantics + example titles/authors,
二穴,二穴,二穴,,SEXUAL_BEHAVIOR,行为类内容标签,CORE,CONJUNCTION_ANCHOR,OK,True,high,ACCEPT_HIGH_CONF,KEEP_CANONICAL,False,65,0.0362520914668153,66,0.032069970845481,4.425283087636823,287.64340069639354,KNOWN,CONTENT_BEHAVIOR,CORE,PRIMARY,スキル強化解禁 + OrangeMaru Special 04 (Fate/Grand Order),YD,ヘマした僕をかばって捕まった先輩女捜査官が悪党共に媚薬漬けでヤられる姿にクズ勃起 (オリジナル),クゥロン,結局水泳部顧問のなつみ先生は合宿にかこつけて男子部員達と延々セックスしたいだけなのです。,けけもつ,全彩 | 短篇 | 同人 | 後宮閃光 | Fate,YD | クゥロン | けけもつ | 無洗米 | 阿部いのり,fate / grand order,local tag semantics + example titles/authors,
兔女娘,兔女娘,兔女娘,,APPEARANCE_OUTFIT,服装、配饰或造型,CORE,CONJUNCTION_ANCHOR,OK,True,high,ACCEPT_HIGH_CONF,KEEP_CANONICAL,False,64,0.0356943669827105,64,0.0310981535471331,4.455588437132152,285.1576599764577,KNOWN,CHARACTER_BODY_ATTRIBUTE,CORE,PRIMARY,巨乳が2人いないと勃起しない夫のために友達を連れてきた妻総集編｜為了沒有兩個巨乳就無法勃起的丈夫妻子帶來了自己的朋友總集篇 [中国翻訳] [無修正] [DL版],立花オミナ,僕のことが好きすぎる年上陰キャお姉さんの性処理生活●REC【2】 | 我与超级无敌喜欢我的年长阴角大姐姐的性处理生活 ● REC 【2】,Lunatic*Maiden (ぽるのいぶき)],ぽるこれ カースト上位のあの子は実は淫乱ドスケベ痴女-総集編- | 春色收藏 身为同龄人婆罗门的她其实是荒淫无度的痴女-总集篇-,パイレーツキャット,長篇 | 後宮閃光 | 單行本 | 全彩 | 同人,立花オミナ | Lunatic*Maiden (ぽるのいぶき)] | パイレーツキャット | 煎茶柱、麥茶柱 | YD,fate / grand order,local tag semantics + example titles/authors,
懷孕,懷孕,懷孕,,PHYSIOLOGY_STATE,生理、身体状态或生殖状态,CORE,CONJUNCTION_ANCHOR,OK,True,high,ACCEPT_HIGH_CONF,KEEP_CANONICAL,False,65,0.0362520914668153,70,0.0340136054421768,4.367295829986475,283.87422894912083,KNOWN,CHARACTER_BODY_ATTRIBUTE,CORE,PRIMARY,巨乳が2人いないと勃起しない夫のために友達を連れてきた妻総集編｜為了沒有兩個巨乳就無法勃起的丈夫妻子帶來了自己的朋友總集篇 [中国翻訳] [無修正] [DL版],立花オミナ,Go To コヅクリ ～おれが過疎化の進む田舎の村で適齢期の女たちへの種付をお願いされたワケ～ [中国翻訳],呉マサヒロ,逢魔が時に囁いて (COMIC 快楽天ビースト 2020年4月号) [中国翻訳] [DL版],雛咲葉,長篇 | 後宮閃光 | 單行本 | 全彩 | CG雜圖,立花オミナ | 呉マサヒロ | 雛咲葉 | よこやまなおき | しおこんぶ,,local tag semantics + example titles/authors,
貧乳,貧乳,貧乳,,BODY_ATTRIBUTE,身体或解剖属性,CORE,CONJUNCTION_ANCHOR,OK,True,high,ACCEPT_HIGH_CONF,KEEP_CANONICAL,False,64,0.0356943669827105,71,0.0344995140913508,4.353309588011735,278.611813632751,KNOWN,CHARACTER_BODY_ATTRIBUTE,CORE,PRIMARY,チートアイテム管理局のお仕事EX 散々ヤラれた後だし、どうせ全部忘れるから、被害者つまみ食いしてもいいよね | 作弊道具管理局的工作EX 都已经被干个够了、反正之后全都会忘记、那么我偷偷享用被害者也没,にゅう工房,VictimGirls Compiled Vol.1 -Victimgirls総集編1- MMO Game Selection (よろず),朝凪,ぽるこれ カースト上位のあの子は実は淫乱ドスケベ痴女-総集編- | 春色收藏 身为同龄人婆罗门的她其实是荒淫无度的痴女-总集篇-,パイレーツキャット,短篇 | 長篇 | 強暴 | 單行本 | 同人,にゅう工房 | 朝凪 | パイレーツキャット | かろちー | 満開開花,,local tag semantics + example titles/authors,
墮落,墮落,墮落,,STORY_TROPE,叙事套路或剧情关系主题,CORE,CONJUNCTION_ANCHOR,OK,True,high,ACCEPT_HIGH_CONF,KEEP_CANONICAL,False,62,0.0345789180145008,64,0.0310981535471331,4.455588437132152,276.24648310219345,UNKNOWN,UNKNOWN,UNRESOLVED,PRIMARY,聖女の烙印-Annunciation of despair- # (COMIC BAVEL 2020年3月号) [中国翻訳] [DL版],山田ゴゴゴ,異世界来たのでスケベスキルで全力謳歌しようと思う 既然來到異世界就用好色技能盡其所能的謳歌人生 特装版 單行本版本,あきのそら,おじさんで埋める穴 〜チーム☆ラッキー作品集〜 被歐吉桑塞滿的那裡 〜チーム☆ラッキー作品集〜 薄碼版 單行本,チーム☆ラッキー,強暴 | NTR | 長篇 | 純愛 | 後宮閃光,山田ゴゴゴ | あきのそら | チーム☆ラッキー | 印度カリー | 無洗米,,local tag semantics + example titles/authors,
正太,正太,正太,,AGE_CODED_CHARACTER,明确年龄编码的人物标签,SAFETY_EXCLUDE,SAFETY_BLOCKED,BLOCK_MINOR_EXPLICIT,False,high,SAFETY_BLOCK,KEEP_CANONICAL,False,62,0.0345789180145008,64,0.0310981535471331,4.455588437132152,276.24648310219345,KNOWN,CHARACTER_BODY_ATTRIBUTE,CORE,PRIMARY,メイドのおしごと (COMIC快楽天 2018年5月号) [CE_1583&MJK-18-Z1105] [無修正],オガデンモン,MILK－正太魅魔被大姐姐们两面包夹－/MILK －ショタ淫魔がお姉さんたちに挟まれる話－,KOMOTA,ボク活ライフ ～友達の弟くんと「ゲームする仲」から「コスプレセックスする関係」になるまで～,うまくち醤油,短篇 | 強暴 | 全彩 | 後宮閃光 | 姐姐系,オガデンモン | KOMOTA | うまくち醤油 | マーセ | 神毛物由宇,,local tag semantics + example titles/authors,
開大車,開大車,開大車,,FETISH_TROPE,特殊偏好或机制型标签,CORE,HIGH_PRECISION_ANCHOR,OK,True,high,ACCEPT_HIGH_CONF,KEEP_CANONICAL,False,55,0.0306748466257668,56,0.0272108843537414,4.58692443919324,252.2808441556282,UNKNOWN,UNKNOWN,UNRESOLVED,PRIMARY,僕のことが好きすぎる年上陰キャお姉さんの性処理生活●REC【2】 | 我与超级无敌喜欢我的年长阴角大姐姐的性处理生活 ● REC 【2】,Lunatic*Maiden (ぽるのいぶき)],高身長バレー部の清楚系彼女が先輩のモノになってしまう一部始終 2 | 高身材排球部清纯系女友变成了前辈的东西的全过程2,丸新,(C94)  立香君の災難? 狙われた子羊!! (Fate/Grand Order) [中国翻訳],ズッキーニ,長篇 | 全彩 | NTR | 短篇 | 同人,Lunatic*Maiden (ぽるのいぶき)] | 丸新 | ズッキーニ | なしぱすた | うまくち醤油,fate / grand order,local tag semantics + example titles/authors,
後入,後入,後入,,SEXUAL_BEHAVIOR,行为类内容标签,CORE,HIGH_PRECISION_ANCHOR,OK,True,high,ACCEPT_HIGH_CONF,KEEP_CANONICAL,False,54,0.030117122141662,54,0.0262390670553935,4.622642521795319,249.6226961769472,KNOWN,CONTENT_BEHAVIOR,CORE,PRIMARY,チートアイテム管理局のお仕事EX 散々ヤラれた後だし、どうせ全部忘れるから、被害者つまみ食いしてもいいよね | 作弊道具管理局的工作EX 都已经被干个够了、反正之后全都会忘记、那么我偷偷享用被害者也没,にゅう工房,引っ越し先の近隣住民の性欲がヤバすぎて、毎日キンタマ空っぽにされる件。 | 关于新家旁的两位邻居的性欲实在太旺盛、蛋蛋每天都被榨到空的这件事情。,桜湯ハル,日焼け跡の娘と夫婦になったその夜、義母もうっかり孕ませてしまう夏プラス | 和带有晒痕的少女成为夫妇的那一晚，由于一念之差让岳母怀孕的夏天2,sage・ジョー,短篇 | 長篇 | 後宮閃光 | 同人,にゅう工房 | 桜湯ハル | sage・ジョー | 無糖紅茶 | パイレーツキャット,,local tag semantics + example titles/authors,
制服,制服,制服,,APPEARANCE_OUTFIT,服装、配饰或造型,CORE,HIGH_PRECISION_ANCHOR,OK,True,high,ACCEPT_HIGH_CONF,KEEP_CANONICAL,False,53,0.0295593976575571,54,0.0262390670553935,4.622642521795319,245.0000536551519,KNOWN,CHARACTER_BODY_ATTRIBUTE,CORE,PRIMARY,メイドのおしごと (COMIC快楽天 2018年5月号) [CE_1583&MJK-18-Z1105] [無修正],オガデンモン,断れない地味な幼馴染が、性処理委員を任される話。 | 不懂拒绝不起眼的青梅竹马被委任为性处理委员的故事,桜湯ハル,ココロノガイダンス (COMIC 快楽天ビースト 2020年4月号) [中国翻訳] [DL版],kakao,短篇 | 強暴 | 長篇 | 純愛 | 全彩,オガデンモン | 桜湯ハル | kakao | karory | 92M,,local tag semantics + example titles/authors,
足交,足交,足交,,SEXUAL_BEHAVIOR,行为类内容标签,CORE,HIGH_PRECISION_ANCHOR,OK,True,high,ACCEPT_HIGH_CONF,KEEP_CANONICAL,False,53,0.0295593976575571,59,0.0286686103012633,4.535631144805689,240.38845067470152,KNOWN,CONTENT_BEHAVIOR,CORE,PRIMARY,妖精娼館 3号室レイシー 〜褐色肌エルフを指名した童貞オーク〜 1 | 精灵妓院 3号技师蕾西～指名了褐色肌肤精灵的处男兽人先生～ 1,煎茶柱、麥茶柱,メイド美波のご奉仕フルコース (THE IDOLM@STER CINDERELLA GIRLS),ぐすたふ,新妻編集月本(旧姓)さん (COMIC 快楽天 2018年3月号) [Digital],みちきんぐ,短篇 | 非人類 | 同人 | 足の恋 | 純愛,煎茶柱、麥茶柱 | ぐすたふ | みちきんぐ | 右の人みつる | パンダエキス,偶像大師灰姑娘,local tag semantics + example titles/authors,
姐姐,姐姐,姐姐,,RELATIONSHIP,关系、亲属或年龄关系,CORE,HIGH_PRECISION_ANCHOR,OK,True,high,ACCEPT_HIGH_CONF,KEEP_CANONICAL,False,51,0.0284439486893474,51,0.0247813411078717,4.678731988446362,238.61533141076447,KNOWN,RELATIONSHIP_TROPE,CORE,PRIMARY,しすたーこんとらすと 溺愛お姉ちゃんと濃密性活| 反差姐妹~在姐姐们溺爱之下，我们的绵密性福~,92M,だらしなく堕ちるお姉さんは好きですか? (コミック エグゼ 24) [中国翻訳] [DL版],なしぱすた,爆乳ブラコンJK姉たちは僕のチンポに毎日発情!〜避妊ナシの中出しセックスに溺れる共同性活〜,朝寝ケン,長篇 | 姐姐系 | 純愛 | 短篇 | 強暴,92M | なしぱすた | 朝寝ケン | マーセ | 黒ノ樹,,local tag semantics + example titles/authors,
精靈,精靈,精靈,,SPECIES_FANTASY,物种、非人或幻想角色类型,CORE,HIGH_PRECISION_ANCHOR,OK,True,high,ACCEPT_HIGH_CONF,KEEP_CANONICAL,False,51,0.0284439486893474,53,0.0257531584062196,4.640991660463515,236.69057468363928,KNOWN,CHARACTER_BODY_ATTRIBUTE,CORE,PRIMARY,異世界転移した子供部屋おじさんがモテモテ主人公の取り巻き女全員をチ〇ポ奴隷にしてやりました。 異世界轉移的家裡蹲歐吉桑把帥哥勇者隊伍中的所有女性成員調教成為後宮奴隸了。 無修正 無碼,無洗米,妖精娼館 3号室レイシー 〜褐色肌エルフを指名した童貞オーク〜 1 | 精灵妓院 3号技师蕾西～指名了褐色肌肤精灵的处男兽人先生～ 1,煎茶柱、麥茶柱,妖精娼館 3号室レイシー 〜褐色肌エルフを指名した童貞オーク〜 2 | 妖精妓院3号技师蕾西~指名了褐色肌肤精灵的处男兽人先生~,煎茶柱、麥茶柱,長篇 | 純愛 | 後宮閃光 | 單行本 | 姐姐系,無洗米 | 煎茶柱、麥茶柱 | かろちー | 犬魔人,,local tag semantics + example titles/authors,
乳汁,乳汁,乳汁,,PHYSIOLOGY_STATE,生理、身体状态或生殖状态,CORE,HIGH_PRECISION_ANCHOR,OK,True,high,ACCEPT_HIGH_CONF,KEEP_CANONICAL,False,49,0.0273284997211377,49,0.0238095238095238,4.717952701599643,231.1796823783825,UNKNOWN,UNKNOWN,UNRESOLVED,PRIMARY,デリ☆サキュ!! vol.1.0+2.0+3.0 ～サキュバスのハーレムに逆デリバリーされて搾り尽くされたレポ～ [中文] [無修正],ナビエ遥か2T,Go To コヅクリ ～おれが過疎化の進む田舎の村で適齢期の女たちへの種付をお願いされたワケ～ [中国翻訳],呉マサヒロ,My Mother+Extra Ep+sex on the beach [中国翻訳][無修正],XTER,長篇 | 後宮閃光 | 非人類 | 全彩 | CG雜圖,ナビエ遥か2T | 呉マサヒロ | XTER | しおこんぶ | 旅口工路,,local tag semantics + example titles/authors,
COSPLAY,cosplay,角色扮演,,APPEARANCE_OUTFIT,服装、配饰或造型,CORE,HIGH_PRECISION_ANCHOR,OK,True,high,ACCEPT_HIGH_CONF,MERGE_ALIAS,False,49,0.0273284997211377,49,0.0238095238095238,4.717952701599643,231.1796823783825,UNKNOWN,UNKNOWN,UNRESOLVED,PRIMARY,婚約者の妹は顔SSR、性格最悪地獄のエロダンス女。 | 未婚妻的妹妹是颜值SSR、性格烂到极点的擦边舞女孩。,印度カリー,(C84) シンアイマックスマッタナシ! (アイドルマスター シンデレラガールズ),Sian,さいみんごっこ (COMIC 失楽天 2020年4月号) [中国翻訳] [DL版],utu,長篇 | NTR | 同人 | 短篇 | 人妻,印度カリー | Sian | utu | 3104 | トネリ団,偶像大師 | 偶像大師灰姑娘,local tag semantics + example titles/authors,
大叔,大叔,大叔,,IDENTITY_ROLE,人物身份、职业或社会角色,CORE,HIGH_PRECISION_ANCHOR,OK,True,high,ACCEPT_HIGH_CONF,KEEP_CANONICAL,False,49,0.0273284997211377,50,0.0242954324586977,4.698150074303464,230.2093536408697,KNOWN,CHARACTER_BODY_ATTRIBUTE,CORE,PRIMARY,VictimGirls Compiled Vol.1 -Victimgirls総集編1- MMO Game Selection (よろず),朝凪,サブスクガール〜ワケあり美少女お貸しします〜【合冊版】 [中国翻訳] [無修正] [DL版],よもぎ豆太郎,催眠程式-下崽加速器Ⅰ 催●アプリで全員支配、妊娠適齢デカ乳美人おじさん赤ちゃん托卵中,パニックアメリカ,長篇 | 強暴 | 單行本 | 全彩 | 人妻,朝凪 | よもぎ豆太郎 | パニックアメリカ | ガガーリン吉,,local tag semantics + example titles/authors,
黑長直,黑長直,黑長直,,APPEARANCE_TRAIT,外貌、发型、肤色或体型特征,CORE,HIGH_PRECISION_ANCHOR,OK,True,high,ACCEPT_HIGH_CONF,KEEP_CANONICAL,False,50,0.0278862242052426,56,0.0272108843537414,4.58692443919324,229.346221959662,KNOWN,CHARACTER_BODY_ATTRIBUTE,CORE,PRIMARY,メイドのおしごと (COMIC快楽天 2018年5月号) [CE_1583&MJK-18-Z1105] [無修正],オガデンモン,二人の相性～プロローグ+幼なじみとねっとりイチャラブ 1-3.2+JKエトセトラ 总集篇 [DL版] [中国翻訳],美矢火,逢魔が時に囁いて～柚葉の闇がり～ (COMIC 快楽天ビースト 2020年5月号) [中国翻訳] [DL版],雛咲葉,短篇 | 強暴 | 全彩 | 長篇 | 純愛,オガデンモン | 美矢火 | 雛咲葉 | kakao | 黒ノ樹,,local tag semantics + example titles/authors,
長筒絲襪,長筒絲襪,長筒絲襪,,APPEARANCE_OUTFIT,服装、配饰或造型,CORE,HIGH_PRECISION_ANCHOR,OK,True,high,ACCEPT_HIGH_CONF,KEEP_CANONICAL,False,49,0.0273284997211377,54,0.0262390670553935,4.622642521795319,226.50948356797065,UNKNOWN,UNKNOWN,UNRESOLVED,PRIMARY,デリ☆サキュ!! vol.1.0+2.0+3.0 ～サキュバスのハーレムに逆デリバリーされて搾り尽くされたレポ～ [中文] [無修正],ナビエ遥か2T,(COMIC1☆12) FALLEN SAINT (Fate/Grand Order),あるぷ,(サンクリ2020 Summer) 妹と(●●で)イチャイチャする本 [中国翻訳],karory,長篇 | 後宮閃光 | 非人類 | 同人 | 短篇,ナビエ遥か2T | あるぷ | karory | 阿部いのり | からあげチャン,fate / grand order,local tag semantics + example titles/authors,
Fate / Grand Order,fate / grand order,Fate / Grand Order,,FANDOM_IP,作品、游戏、动画或系列IP,CORE,HIGH_PRECISION_ANCHOR,OK,True,high,ACCEPT_HIGH_CONF,KEEP_CANONICAL,False,46,0.0256553262688232,46,0.0223517978620019,4.779828105317731,219.8720928446156,KNOWN,FANDOM_IP,CORE,PRIMARY,(COMIC1☆15) ヒドゥンクエスト + OrangeMaru Special 08 (Fate/Grand Order),YD,FGO風俗店 『S気質な三蔵ちゃんと60分コース』25000円～ (Fate/Grand Order) [中国翻訳],おおさわらさだお,紫式部 FGOイチャラブエロ合同 純愛特異点ラブデア (Fate Grand Order) [中国翻訳] [DL版],仲村レグラ,全彩 | 同人 | 純愛 | 短篇 | Fate,YD | おおさわらさだお | 仲村レグラ | あるぷ | うるりひ,fate / grand order,local tag semantics + example titles/authors,
女性主導,女性主導,女性主導,,IDENTITY_ROLE,人物身份、职业或社会角色,CORE,HIGH_PRECISION_ANCHOR,OK,True,high,ACCEPT_HIGH_CONF,KEEP_CANONICAL,False,46,0.0256553262688232,48,0.0233236151603498,4.738155408917163,217.9551488101895,KNOWN,CHARACTER_IDENTITY_ROLE,CORE,PRIMARY,逢魔が時に囁いて～柚葉の闇がり～ (COMIC 快楽天ビースト 2020年5月号) [中国翻訳] [DL版],雛咲葉,OVER OVER OVER! (COMIC 失楽天 2020年4月号) [中国翻訳] [DL版],東出イロドリ,(C94)  立香君の災難? 狙われた子羊!! (Fate/Grand Order) [中国翻訳],ズッキーニ,短篇 | 妹妹系 | 純愛 | 全彩 | 同人,雛咲葉 | 東出イロドリ | ズッキーニ | KOMOTA,fate / grand order,local tag semantics + example titles/authors,
酒醉,酒醉,酒醉,,PHYSIOLOGY_STATE,生理、身体状态或生殖状态,CORE,HIGH_PRECISION_ANCHOR,OK,True,high,ACCEPT_HIGH_CONF,KEEP_CANONICAL,False,45,0.0250976017847183,45,0.0218658892128279,4.801334310538694,216.06004397424124,UNKNOWN,UNKNOWN,UNRESOLVED,PRIMARY,(COMIC1☆15)  はじめての彼女がバイト先の怖い男性社員においしくいただかれちゃった話 (ラブプラス) [中国翻訳],あらくれ,後輩のシツケカタ なだめたり威したりＯＯしたり—— (COMIC 失楽天 2020年6月号) [中国翻訳] [DL版],utu,わたし…変えられちゃいました。―アラサーOLがヤリチン大学生達のチ○ポにドハマリするまで― [中国翻訳] [DL版],大仲いと,短篇 | NTR | 強暴 | 長篇 | 純愛,あらくれ | utu | 大仲いと | kakao | どえむたん,,local tag semantics + example titles/authors,
比基尼,比基尼,比基尼,,APPEARANCE_OUTFIT,服装、配饰或造型,CORE,HIGH_PRECISION_ANCHOR,OK,True,high,ACCEPT_HIGH_CONF,KEEP_CANONICAL,False,45,0.0250976017847183,47,0.0228377065111759,4.7587746961198985,214.14486132539545,KNOWN,CHARACTER_BODY_ATTRIBUTE,CORE,PRIMARY,巨乳が2人いないと勃起しない夫のために友達を連れてきた妻総集編｜為了沒有兩個巨乳就無法勃起的丈夫妻子帶來了自己的朋友總集篇 [中国翻訳] [無修正] [DL版],立花オミナ,「お前がフった陰キャ女、今じゃフォロワー100万人超えの爆乳グラビアアイドルだぞ？w」 ―彼女のいる俺をむちむち爆乳ボディで誘惑してきて逆NTR―,バケツプリン,日焼け跡の娘と夫婦になったその夜、義母もうっかり孕ませてしまう夏プラス | 和带有晒痕的少女成为夫妇的那一晚，由于一念之差让岳母怀孕的夏天2,sage・ジョー,長篇 | 後宮閃光 | 單行本 | 全彩 | 非人類,立花オミナ | バケツプリン | sage・ジョー | Lunatic*Maiden (ぽるのいぶき)] | ナビエ遥か2T,,local tag semantics + example titles/authors,
吞精,吞精,吞精,,SEXUAL_BEHAVIOR,行为类内容标签,CORE,HIGH_PRECISION_ANCHOR,OK,True,high,ACCEPT_HIGH_CONF,KEEP_CANONICAL,False,44,0.0245398773006134,46,0.0223517978620019,4.779828105317731,210.31243663398016,KNOWN,CONTENT_BEHAVIOR,CORE,PRIMARY,ごめんなさい主さま/真的非常抱歉主人1-3 (プリンセスコネクト!Re：Dive) [中国翻訳] [無修正] [DL版],かろちー,後輩のシツケカタ なだめたり威したりＯＯしたり—— (COMIC 失楽天 2020年6月号) [中国翻訳] [DL版],utu,隣のパンストお姉さん 動揺する (コミックゼロス #81) [中国翻訳] [DL版],いづれ,長篇 | 同人 | NTR | 非人類 | 短篇,かろちー | utu | いづれ | 黒ノ樹,,local tag semantics + example titles/authors,
青梅竹馬,青梅竹馬,青梅竹馬,,RELATIONSHIP,关系、亲属或年龄关系,CORE,HIGH_PRECISION_ANCHOR,OK,True,high,ACCEPT_HIGH_CONF,KEEP_CANONICAL,False,44,0.0245398773006134,47,0.0228377065111759,4.7587746961198985,209.38608662927552,KNOWN,RELATIONSHIP_TROPE,CORE,PRIMARY,二人の相性～プロローグ+幼なじみとねっとりイチャラブ 1-3.2+JKエトセトラ 总集篇 [DL版] [中国翻訳],美矢火,比羅坂日菜子がエロかわいいことを俺だけが知っている／比羅坂日菜子發情超可愛這件事只有我知道 1-44话,绀矢ユキオ,怪力冷血漢は世話焼き幼馴染の淫らな夢を見るか?怪力冷血汉做着和爱操心青梅竹马的淫乱的梦?,柏木存美,全彩 | 長篇 | 純愛 | 禁書目錄 | 單行本,美矢火 | 绀矢ユキオ | 柏木存美 | 無洗米 | kakao,,local tag semantics + example titles/authors,
素股,素股,素股,,SEXUAL_BEHAVIOR,行为类内容标签,CORE,HIGH_PRECISION_ANCHOR,OK,True,high,ACCEPT_HIGH_CONF,KEEP_CANONICAL,False,43,0.0239821528165086,45,0.0218658892128279,4.801334310538694,206.45737535316383,UNKNOWN,UNKNOWN,UNRESOLVED,PRIMARY,ボク活ライフ ～友達の弟くんと「ゲームする仲」から「コスプレセックスする関係」になるまで～,うまくち醤油,ハニーテンプテーション + デジタル特装版♥限定特典 次はこうはいかないからな!後日談,広弥,3ギャル〜超巨根オタク君の中出しSEXでメロメロにされちゃうギャル3人組の話〜,ie,短篇 | 姐姐系 | 單行本 | 長篇 | 人妻,うまくち醤油 | 広弥 | ie | sage・ジョー | 木村寧都,,local tag semantics + example titles/authors,
吊帶襪,吊帶襪,吊帶襪,,APPEARANCE_OUTFIT,服装、配饰或造型,CORE,HIGH_PRECISION_ANCHOR,OK,True,high,ACCEPT_HIGH_CONF,KEEP_CANONICAL,False,41,0.0228667038482989,41,0.0199222546161321,4.892306088744421,200.58454963852128,UNKNOWN,UNKNOWN,UNRESOLVED,PRIMARY,ラブメイド - 優しくてあまあまな巨乳エロメイドさんとセックスしまくるお話,Blue_Gk,けっこうエロ医 (COMIC 快楽天ビースト 2021年11月号),山石18,いぢめないで武田くん (ANGEL倶楽部 2022年11月号),真夜中足穂,長篇 | 短篇 | 後宮閃光,Blue_Gk | 山石18 | 真夜中足穂 | 立花オミナ,,local tag semantics + example titles/authors,
偷吃,偷吃,偷吃,,STORY_TROPE,叙事套路或剧情关系主题,CORE,HIGH_PRECISION_ANCHOR,OK,True,high,ACCEPT_HIGH_CONF,KEEP_CANONICAL,False,41,0.0228667038482989,41,0.0199222546161321,4.892306088744421,200.58454963852128,UNKNOWN,UNKNOWN,UNRESOLVED,PRIMARY,「お前がフった陰キャ女、今じゃフォロワー100万人超えの爆乳グラビアアイドルだぞ？w」 ―彼女のいる俺をむちむち爆乳ボディで誘惑してきて逆NTR―,バケツプリン,元カノと同窓会で再会、終電逃して相部屋に。〜お互い結婚間近で浮気セックスしてしまいました〜,バケツプリン,キミとの壁が、なくなる日まで (コミックホットミルク 2025年12月号),宏式,長篇 | 短篇 | 人妻 | 姐姐系,バケツプリン | 宏式 | 田スケ | thomson,,local tag semantics + example titles/authors,
廁所,廁所,廁所,,SETTING_LOCATION,地点或场景设定,SECONDARY,SECONDARY_RECALL,OK,True,high,ACCEPT_HIGH_CONF,KEEP_CANONICAL,False,39,0.0217512548800892,41,0.0199222546161321,4.892306088744421,190.7999374610324,UNKNOWN,UNKNOWN,UNRESOLVED,PRIMARY,霊姦少女外伝 トイレの花子さんvs屈強退魔師 悪堕ちマ○コに天誅ザーメン連続中出し[中国翻訳],愉月綴,だらしなく堕ちるお姉さんは好きですか? (コミック エグゼ 24) [中国翻訳] [DL版],なしぱすた,俺のARメガネは義妹の様々な数値が見える?! | 我的AR眼鏡能看到義妹的各種數值？！,pz-x,全彩 | 短篇 | CG雜圖 | 非人類 | 強暴,愉月綴 | なしぱすた | pz-x | 阿部いのり | 笹森トモエ,,local tag semantics + example titles/authors,
舔陰,舔陰,舔陰,,SEXUAL_BEHAVIOR,行为类内容标签,CORE,HIGH_PRECISION_ANCHOR,OK,True,high,ACCEPT_HIGH_CONF,KEEP_CANONICAL,False,38,0.0211935303959843,38,0.0184645286686103,4.966414060898143,188.72373431412944,UNKNOWN,UNKNOWN,UNRESOLVED,PRIMARY,引っ越し先の近隣住民の性欲がヤバすぎて、毎日キンタマ空っぽにされる件。 | 关于新家旁的两位邻居的性欲实在太旺盛、蛋蛋每天都被榨到空的这件事情。,桜湯ハル,高身長バレー部の清楚系彼女が先輩のモノになってしまう一部始終 2 | 高身材排球部清纯系女友变成了前辈的东西的全过程2,丸新,催眠コンビニ アナタと交尾で孕みーマート /催眠便利商店 和你交尾然后受孕超市 [無修正] [中国翻译] [進行中],満開開花,長篇 | NTR | 全彩 | CG雜圖 | 單行本,桜湯ハル | 丸新 | 満開開花 | 紅端よどむ,,local tag semantics + example titles/authors,
非人類,非人類,非人類,,SPECIES_FANTASY,物种、非人或幻想角色类型,CORE,HIGH_PRECISION_ANCHOR,OK,True,high,ACCEPT_HIGH_CONF,KEEP_CANONICAL,False,38,0.0211935303959843,41,0.0199222546161321,4.892306088744421,185.907631372288,UNKNOWN,UNKNOWN,UNRESOLVED,PRIMARY,Connect - 少女与触手编织出爱 - /Connect-少女は触手と愛をつむぐ-,KOMOTA,(C96)  サソワレマスター3 (Fate/Grand Order) [中国翻訳],常磐緑,ぬちゃぬるアルトリア (Fate/Grand Order) [DL版],キャンベル議長,全彩 | 非人類 | 純愛 | 長篇 | 短篇,KOMOTA | 常磐緑 | キャンベル議長 | 橘由宇 | みぞね,fate / grand order,local tag semantics + example titles/authors,
蘿莉,蘿莉,蘿莉,,AGE_CODED_CHARACTER,明确年龄编码的人物标签,SAFETY_EXCLUDE,SAFETY_BLOCKED,BLOCK_MINOR_EXPLICIT,False,high,SAFETY_BLOCK,KEEP_CANONICAL,False,38,0.0211935303959843,41,0.0199222546161321,4.892306088744421,185.907631372288,KNOWN,RELATIONSHIP_TROPE,CORE,PRIMARY,チートアイテム管理局のお仕事EX 散々ヤラれた後だし、どうせ全部忘れるから、被害者つまみ食いしてもいいよね | 作弊道具管理局的工作EX 都已经被干个够了、反正之后全都会忘记、那么我偷偷享用被害者也没,にゅう工房,ごめんなさい主さま/真的非常抱歉主人1-3 (プリンセスコネクト!Re：Dive) [中国翻訳] [無修正] [DL版],かろちー,雑貨屋を営む俺と毎日店に通う小さいフェネック種のお姉さんシリーズ｜开杂货店的我与每天来光顾的小型狐族姐姐 [中国翻译],犬魔人,短篇 | 長篇 | 同人 | NTR | 非人類,にゅう工房 | かろちー | 犬魔人 | りゅんぬ | 満開開花,,local tag semantics + example titles/authors,
觸手,觸手,觸手,,FETISH_TROPE,特殊偏好或机制型标签,CORE,HIGH_PRECISION_ANCHOR,OK,True,high,ACCEPT_HIGH_CONF,KEEP_CANONICAL,False,36,0.0200780814277746,36,0.0174927113702623,5.019057794383565,180.68608059780837,KNOWN,FETISH_TROPE,CORE,PRIMARY,(C100)  SUKEBE ORDER VOL.3 (Fate/Grand Order) [中国翻訳],うるりひ,(C93) Fate Gentle Order 2 (Fate Grand Order),MANA,Connect - 少女与触手编织出爱 - /Connect-少女は触手と愛をつむぐ-,KOMOTA,短篇 | 同人 | 後宮閃光 | 非人類 | Fate,うるりひ | MANA | KOMOTA | あるぷ | Sian,fate / grand order,local tag semantics + example titles/authors,
汗水,汗水,汗水,,PHYSIOLOGY_STATE,生理、身体状态或生殖状态,CORE,HIGH_PRECISION_ANCHOR,OK,True,high,ACCEPT_HIGH_CONF,KEEP_CANONICAL,False,35,0.0195203569436698,35,0.0170068027210884,5.046456768571679,176.62598690000877,UNKNOWN,UNKNOWN,UNRESOLVED,PRIMARY,チートアイテム管理局のお仕事EX 散々ヤラれた後だし、どうせ全部忘れるから、被害者つまみ食いしてもいいよね | 作弊道具管理局的工作EX 都已经被干个够了、反正之后全都会忘记、那么我偷偷享用被害者也没,にゅう工房,ぽるこれ カースト上位のあの子は実は淫乱ドスケベ痴女-総集編- | 春色收藏 身为同龄人婆罗门的她其实是荒淫无度的痴女-总集篇-,パイレーツキャット,高身長バレー部の清楚系彼女が先輩のモノになってしまう一部始終 2 | 高身材排球部清纯系女友变成了前辈的东西的全过程2,丸新,短篇 | 長篇 | 同人 | NTR,にゅう工房 | パイレーツキャット | 丸新 | chocobeam,偶像大師,local tag semantics + example titles/authors,
手套,手套,手套,,APPEARANCE_OUTFIT,服装、配饰或造型,CORE,HIGH_PRECISION_ANCHOR,OK,True,high,ACCEPT_HIGH_CONF,KEEP_CANONICAL,False,35,0.0195203569436698,35,0.0170068027210884,5.046456768571679,176.62598690000877,UNKNOWN,UNKNOWN,UNRESOLVED,PRIMARY,ノンアポで訪問したらセックス家庭教師と誤認してもらえてセックス授業できるアプリEX,ぼし、クサシオ,親友の嫁×清楚系×剥奪寝取り ～健気な人妻が、強制服従中出しで孕まされるまで～,へちま工房,片恋フラグメント + とらのあな購入特典 rough illust works,ぴょん吉,短篇 | CG雜圖 | NTR | 人妻 | 全彩,ぼし、クサシオ | へちま工房 | ぴょん吉 | Blue_Gk | シヲリイタ,,local tag semantics + example titles/authors,
運動服,運動服,運動服,,APPEARANCE_OUTFIT,服装、配饰或造型,CORE,HIGH_PRECISION_ANCHOR,OK,True,high,ACCEPT_HIGH_CONF,KEEP_CANONICAL,False,35,0.0195203569436698,36,0.0174927113702623,5.019057794383565,175.66702280342477,UNKNOWN,UNKNOWN,UNRESOLVED,PRIMARY,ハニーテンプテーション + デジタル特装版♥限定特典 次はこうはいかないからな!後日談,広弥,僕の彼女は野球部マネージャーver.2.2 [中国翻訳] [DL版],あらくれ,先輩が僕にシてるコト | 學姐對我做的事1+2 [中文] [無修正],笹森トモエ,單行本 | 長篇 | NTR | 姐姐系 | 短篇,広弥 | あらくれ | 笹森トモエ | 鬼頭サケル | 戌森四朗,,local tag semantics + example titles/authors,
和服,和服,和服,,APPEARANCE_OUTFIT,服装、配饰或造型,CORE,HIGH_PRECISION_ANCHOR,OK,True,high,ACCEPT_HIGH_CONF,KEEP_CANONICAL,False,34,0.0189626324595649,34,0.0165208940719144,5.074627645538376,172.53733994830478,UNKNOWN,UNKNOWN,UNRESOLVED,PRIMARY,いぬおかみ (COMIC快楽天ビースト 2018年11月号)[無修正],雛咲葉,恋染まーきんぐ + とらのあな限定特典 染上愛液標記 + 虎之穴特典,オクモト悠太,ケモミミの占術師 ~新たな迷い人~ (異世快楽天 Vol.11),れぐでく,短篇 | 純愛 | 長篇 | 單行本 | 人妻,雛咲葉 | オクモト悠太 | れぐでく | sage・ジョー | 森深雪,,local tag semantics + example titles/authors,
睡姦,睡姦,睡姦,,CONTROL_COERCION,控制、约束或非自愿情境标签,CORE,HIGH_PRECISION_ANCHOR,OK,True,high,ACCEPT_HIGH_CONF,KEEP_CANONICAL,False,34,0.0189626324595649,34,0.0165208940719144,5.074627645538376,172.53733994830478,UNKNOWN,UNKNOWN,UNRESOLVED,PRIMARY,胡蝶しのぶ姦 ～寝ている間におっさん鬼に犯される～ (鬼滅の刃) [中国翻訳] [DL版],まー九郎,すりぃぷらぁにんぐ -前編- (コミックゼロス #79) [中国翻訳],あきのそら,誰も見てないシリーズ 火事場欲望 エルフが落ちてたのでイタズラしてみた,くろかん,短篇 | 強暴 | 非人類 | 妹妹系 | 純愛,まー九郎 | あきのそら | くろかん | 松河,,local tag semantics + example titles/authors,
亂交,亂交,亂交,,SEXUAL_BEHAVIOR,行为类内容标签,CORE,HIGH_PRECISION_ANCHOR,OK,True,high,ACCEPT_HIGH_CONF,KEEP_CANONICAL,False,34,0.0189626324595649,35,0.0170068027210884,5.046456768571679,171.57953013143708,UNKNOWN,UNKNOWN,UNRESOLVED,PRIMARY,VictimGirls Compiled Vol.1 -Victimgirls総集編1- MMO Game Selection (よろず),朝凪,聖女の烙印-Annunciation of despair- # (COMIC BAVEL 2020年3月号) [中国翻訳] [DL版],山田ゴゴゴ,ここねちゃんvいただきます!(デリシャスパーティ♡プリキュア) [中国翻訳] [DL版],桃屋しょう猫,長篇 | 強暴 | 單行本 | NTR | 短篇,朝凪 | 山田ゴゴゴ | 桃屋しょう猫 | けけもつ | パニックアメリカ,,local tag semantics + example titles/authors,
项圈,项圈,項圈,,FETISH_TROPE,特殊偏好或机制型标签,CORE,HIGH_PRECISION_ANCHOR,OK,True,high,ACCEPT_HIGH_CONF,MERGE_ALIAS,False,34,0.0189626324595649,35,0.0170068027210884,5.046456768571679,171.57953013143708,UNKNOWN,UNKNOWN,UNRESOLVED,PRIMARY,ワカラセ総集編～終わらない悪夢と溺れるオンナたち～＋新規描き下ろし漫画２１ページ[中国翻译],むうつき、雪仁,(サンクリ2020 Summer) 妹と(●●で)イチャイチャする本 [中国翻訳],karory,人妻ぺっと～人妻がパパ活セックスにハマり夫公認で男たちのペットになる話～ 前後編,おじょ,長篇 | 強暴 | 全彩 | 短篇 | 妹妹系,むうつき、雪仁 | karory | おじょ | もじゃりん | 墓場,,local tag semantics + example titles/authors,
洗腦 / 催眠,洗腦 / 催眠,洗腦 / 催眠,,CONTROL_COERCION,控制、约束或非自愿情境标签,CORE,HIGH_PRECISION_ANCHOR,OK,True,high,ACCEPT_HIGH_CONF,KEEP_CANONICAL,False,34,0.0189626324595649,36,0.0174927113702623,5.019057794383565,170.64796500904123,KNOWN,FETISH_TROPE,CORE,PRIMARY,チートアイテム管理局のお仕事EX 散々ヤラれた後だし、どうせ全部忘れるから、被害者つまみ食いしてもいいよね | 作弊道具管理局的工作EX 都已经被干个够了、反正之后全都会忘记、那么我偷偷享用被害者也没,にゅう工房,催眠コンビニ アナタと交尾で孕みーマート /催眠便利商店 和你交尾然后受孕超市 [無修正] [中国翻译] [進行中],満開開花,もしもデリヘルEX オレをバイキン扱いした女とずっと好きだった女を肉便器デリヘル [DL版],にゅう,短篇 | 全彩 | 長篇 | CG雜圖 | 強暴,にゅう工房 | 満開開花 | にゅう | よこやまなおき | パニックアメリカ,,local tag semantics + example titles/authors,
溫泉,溫泉,溫泉,,SETTING_LOCATION,地点或场景设定,SECONDARY,SECONDARY_RECALL,OK,True,high,ACCEPT_HIGH_CONF,KEEP_CANONICAL,False,33,0.0184049079754601,36,0.0174927113702623,5.019057794383565,165.62890721465766,UNKNOWN,UNKNOWN,UNRESOLVED,PRIMARY,巨乳が2人いないと勃起しない夫のために友達を連れてきた妻総集編｜為了沒有兩個巨乳就無法勃起的丈夫妻子帶來了自己的朋友總集篇 [中国翻訳] [無修正] [DL版],立花オミナ,タウロス 〜催眠人妻寝取〜 (コミックグレープ Vol.45) [中国翻訳] [DL版],よこやまなおき,催眠性指導 -Secret Lesson- 特典同人誌「催眠性指導 合同合宿」,愛上陸,長篇 | 後宮閃光 | 單行本 | 短篇 | NTR,立花オミナ | よこやまなおき | 愛上陸 | 七色風香 | あらくれ,,local tag semantics + example titles/authors,
女性向,女性向,女性向,,AUDIENCE_ORIENTATION,受众/配对方向或关系取向,CORE,HIGH_PRECISION_ANCHOR,OK,True,high,ACCEPT_HIGH_CONF,KEEP_CANONICAL,False,32,0.0178471834913552,33,0.0160349854227405,5.1036151824116285,163.3156858371721,UNKNOWN,UNKNOWN,UNRESOLVED,PRIMARY,囚われ聖女は皇帝の下で愛を知る ～蕩ける甘い愛撫には負けません…！～(不遇聖女が隣国皇帝に溺愛されちゃうアンソロジー ～純真無垢なハジメテは他の誰にも渡さない～),柏木存美,ファンバレ厳禁‼バレーボール選手の汗と甘い吐息に乱されて、社畜OLは息も出来ない | 絕不能暴露！！被排球選手的汗水與甜蜜吐息擾亂心神、社畜白領喘不過氣,ぽぽんがー,かわいい年下大学生による、社畜の私のための体力無限絶頂癒やされえっち | 當社畜遇上超可愛年下大學生，被無限體力的極致絕頂性愛療癒身心,夏尾,短篇 | 長篇,柏木存美 | ぽぽんがー | 夏尾 | もぎりおちぎ | 富士野ヒグマ,,local tag semantics + example titles/authors,
短篇合集,短篇合集,短篇合集,,FORMAT,作品载体或内容格式,MODIFIER,MODIFIER_ONLY,OK,True,high,ACCEPT_HIGH_CONF,KEEP_CANONICAL,False,32,0.0178471834913552,33,0.0160349854227405,5.1036151824116285,163.3156858371721,KNOWN,FORMAT,MODIFIER,SECONDARY,VictimGirls Compiled Vol.1 -Victimgirls総集編1- MMO Game Selection (よろず),朝凪,ぽるこれ カースト上位のあの子は実は淫乱ドスケベ痴女-総集編- | 春色收藏 身为同龄人婆罗门的她其实是荒淫无度的痴女-总集篇-,パイレーツキャット,片恋フラグメント + とらのあな購入特典 rough illust works,ぴょん吉,長篇 | 強暴 | 單行本 | 同人 | Love Live,朝凪 | パイレーツキャット | ぴょん吉 | あるぷ | 成年コミック,lovelive! sunshine!!,local tag semantics + example titles/authors,
獸耳娘,獸耳娘,獸耳娘,,SPECIES_FANTASY,物种、非人或幻想角色类型,CORE,HIGH_PRECISION_ANCHOR,OK,True,high,ACCEPT_HIGH_CONF,KEEP_CANONICAL,False,32,0.0178471834913552,34,0.0165208940719144,5.074627645538376,162.38808465722803,KNOWN,CHARACTER_BODY_ATTRIBUTE,CORE,PRIMARY,雑貨屋を営む俺と毎日店に通う小さいフェネック種のお姉さんシリーズ｜开杂货店的我与每天来光顾的小型狐族姐姐 [中国翻译],犬魔人,別冊コミックアンリアル けもみみえっち〜発情期をきっかけに結ばれた獣っ娘たち〜 デジタル版 Vol.2,アンソロジー,(C96) 凍土に堕ちる魔猪 (Fate/Grand Order) [中国翻訳],橘由宇,短篇 | 非人類 | CG雜圖 | 同人 | 強暴,犬魔人 | アンソロジー | 橘由宇 | ぴょん吉 | にゅう,fate / grand order,local tag semantics + example titles/authors,
偷窺,偷窺,偷窺,,SEXUAL_BEHAVIOR,行为类内容标签,CORE,HIGH_PRECISION_ANCHOR,OK,True,high,ACCEPT_HIGH_CONF,KEEP_CANONICAL,False,31,0.0172894590072504,31,0.0150631681243926,5.164239804228063,160.09143393106996,UNKNOWN,UNKNOWN,UNRESOLVED,PRIMARY,俺のARメガネは義妹の様々な数値が見える?! | 我的AR眼鏡能看到義妹的各種數值？！,pz-x,MAMI NAKED LIFE (COMIC快楽天 2018年3月号)[無修正],アシオミマサト,片恋フラグメント + とらのあな購入特典 rough illust works,ぴょん吉,全彩 | 長篇 | 妹妹系 | 短篇 | 單行本,pz-x | アシオミマサト | ぴょん吉 | しえん,,local tag semantics + example titles/authors,
濕身,濕身,濕身,,PHYSIOLOGY_STATE,生理、身体状态或生殖状态,CORE,HIGH_PRECISION_ANCHOR,OK,True,high,ACCEPT_HIGH_CONF,KEEP_CANONICAL,False,31,0.0172894590072504,32,0.0155490767735665,5.133468145561309,159.13751251240058,UNKNOWN,UNKNOWN,UNRESOLVED,PRIMARY,俺のARメガネは義妹の様々な数値が見える?! | 我的AR眼鏡能看到義妹的各種數值？！,pz-x,片恋フラグメント + とらのあな購入特典 rough illust works,ぴょん吉,付き合い、別れて、突き合って (COMIC BAVEL 2023年9月号),真夜中足穂,全彩 | 長篇 | 妹妹系 | 單行本 | 短篇,pz-x | ぴょん吉 | 真夜中足穂 | あるぷ | 楝蛙,lovelive,local tag semantics + example titles/authors,
眼罩,眼罩,眼罩,,APPEARANCE_OUTFIT,服装、配饰或造型,CORE,HIGH_PRECISION_ANCHOR,OK,True,high,ACCEPT_HIGH_CONF,KEEP_CANONICAL,False,31,0.0172894590072504,32,0.0155490767735665,5.133468145561309,159.13751251240058,UNKNOWN,UNKNOWN,UNRESOLVED,PRIMARY,チートアイテム管理局のお仕事EX 散々ヤラれた後だし、どうせ全部忘れるから、被害者つまみ食いしてもいいよね | 作弊道具管理局的工作EX 都已经被干个够了、反正之后全都会忘记、那么我偷偷享用被害者也没,にゅう工房,托卵契約 いつも真面目な美人上司（人妻）が、なぜか托卵を迫ってきたので遠慮なく孕ませたった。,心友,かわいそうなキミがいちばんカワイイ-犬系執着男子ハルくんのしつけ交尾-,うめこっぺ,短篇 | 人妻 | 長篇 | 全彩 | NTR,にゅう工房 | 心友 | うめこっぺ | うぶお | 立花オミナ,,local tag semantics + example titles/authors,
高跟鞋,高跟鞋,高跟鞋,,APPEARANCE_OUTFIT,服装、配饰或造型,CORE,HIGH_PRECISION_ANCHOR,OK,True,high,ACCEPT_HIGH_CONF,KEEP_CANONICAL,False,30,0.0167317345231455,30,0.0145772594752186,5.195988502542643,155.87965507627928,UNKNOWN,UNKNOWN,UNRESOLVED,PRIMARY,ラブメイド - 優しくてあまあまな巨乳エロメイドさんとセックスしまくるお話,Blue_Gk,天使拾ったから孕ませる 〜おじさん専用ボテ腹オナホになるまでの記録〜,A_鹿,嗅がずにはいられない‼ (COMIC 快楽天 2022年2月号),柚十扇,長篇 | 短篇 | 同人 | Love Live,Blue_Gk | A_鹿 | 柚十扇 | 真夜中足穂 | あるぷ,lovelive,local tag semantics + example titles/authors,
曬黑/日燒,曬黑/日燒,曬黑/日燒,,APPEARANCE_TRAIT,外貌、发型、肤色或体型特征,CORE,HIGH_PRECISION_ANCHOR,OK,True,high,ACCEPT_HIGH_CONF,KEEP_CANONICAL,False,30,0.0167317345231455,30,0.0145772594752186,5.195988502542643,155.87965507627928,UNKNOWN,UNKNOWN,UNRESOLVED,PRIMARY,日焼け跡の娘と夫婦になったその夜、義母もうっかり孕ませてしまう夏プラス | 和带有晒痕的少女成为夫妇的那一晚，由于一念之差让岳母怀孕的夏天2,sage・ジョー,(C96)水着の下の誘惑 (アイドルマスター シンデレラガールズ) [中国翻訳],ぐすたふ,ブラック企業の仮眠室がヤリ部屋になってた話 | 黑心企业的休息室化为炮房的故事,大島あき,長篇 | 後宮閃光 | 短篇 | 同人 | 純愛,sage・ジョー | ぐすたふ | 大島あき | 呉マサヒロ,偶像大師 | 偶像大師灰姑娘,local tag semantics + example titles/authors,
後宮,後宮,後宮,,STORY_TROPE,叙事套路或剧情关系主题,CORE,HIGH_PRECISION_ANCHOR,OK,True,high,ACCEPT_HIGH_CONF,KEEP_CANONICAL,False,31,0.0172894590072504,36,0.0174927113702623,5.019057794383565,155.59079162589052,UNKNOWN,UNKNOWN,UNRESOLVED,PRIMARY,異世界転移した子供部屋おじさんがモテモテ主人公の取り巻き女全員をチ〇ポ奴隷にしてやりました。 異世界轉移的家裡蹲歐吉桑把帥哥勇者隊伍中的所有女性成員調教成為後宮奴隸了。 無修正 無碼,無洗米,ハーレムでNEWGAME !! vol.4+5 ～VRエロゲでイったら未来はハーレム世界になっていた!-～ [中文] [無修正],ナビエ遥か2T,異世界来たのでスケベスキルで全力謳歌しようと思う 既然來到異世界就用好色技能盡其所能的謳歌人生 特装版 單行本版本,あきのそら,長篇 | 純愛 | 後宮閃光 | 單行本 | 姐姐系,無洗米 | ナビエ遥か2T | あきのそら | 呉マサヒロ | 笹森トモエ,,local tag semantics + example titles/authors,
修女,修女,修女,,IDENTITY_ROLE,人物身份、职业或社会角色,CORE,HIGH_PRECISION_ANCHOR,OK,True,high,ACCEPT_HIGH_CONF,KEEP_CANONICAL,False,30,0.0167317345231455,31,0.0150631681243926,5.164239804228063,154.9271941268419,UNKNOWN,UNKNOWN,UNRESOLVED,PRIMARY,僕のことが好きすぎる年上陰キャお姉さんの性処理生活●REC【2】 | 我与超级无敌喜欢我的年长阴角大姐姐的性处理生活 ● REC 【2】,Lunatic*Maiden (ぽるのいぶき)],誰も見てないシリーズ 火事場欲望 エルフが落ちてたのでイタズラしてみた,くろかん,鬼畜勇者と神官さん 冒険中にハメられまくる隠れマゾ聖職者の痴態記録,もり苔,長篇 | 全彩 | 短篇 | 非人類 | 後宮閃光,Lunatic*Maiden (ぽるのいぶき)] | くろかん | もり苔 | 立花オミナ | スギユウ,,local tag semantics + example titles/authors,
強制高潮,強制高潮,強制高潮,,PHYSIOLOGY_STATE,生理、身体状态或生殖状态,CORE,HIGH_PRECISION_ANCHOR,OK,True,high,ACCEPT_HIGH_CONF,KEEP_CANONICAL,False,30,0.0167317345231455,33,0.0160349854227405,5.1036151824116285,153.10845547234885,UNKNOWN,UNKNOWN,UNRESOLVED,PRIMARY,異世界来たのでスケベスキルで全力謳歌しようと思う 既然來到異世界就用好色技能盡其所能的謳歌人生 特装版 單行本版本,あきのそら,おち○ちんに負けてしまった女の子たち 敗給大肉棒並沉淪其中的女孩子們 無修正 無碼,無洗米,(C96) 凍土に堕ちる魔猪 (Fate/Grand Order) [中国翻訳],橘由宇,長篇 | 純愛 | 後宮閃光 | 單行本 | 姐姐系,あきのそら | 無洗米 | 橘由宇 | 二峰跨人 | 赤月みゅうと,fate / grand order,local tag semantics + example titles/authors,
輪姦,輪姦,輪姦,,SEXUAL_BEHAVIOR,行为类内容标签,CORE,HIGH_PRECISION_ANCHOR,OK,True,high,ACCEPT_HIGH_CONF,KEEP_CANONICAL,False,27,0.015058561070831,29,0.0140913508260447,5.228778325365634,141.1770147848721,UNKNOWN,UNKNOWN,UNRESOLVED,PRIMARY,ワカラセ総集編～終わらない悪夢と溺れるオンナたち～＋新規描き下ろし漫画２１ページ[中国翻译],むうつき、雪仁,胡蝶しのぶ姦 ～寝ている間におっさん鬼に犯される～ (鬼滅の刃) [中国翻訳] [DL版],まー九郎,クール系人妻OLネトラレ日記 | 高冷系人妻OL的NTR日记,モナリザ,長篇 | 強暴 | 短篇 | 非人類 | NTR,むうつき、雪仁 | まー九郎 | モナリザ | LUXsumildo | あらくれ,,local tag semantics + example titles/authors,
脅迫,脅迫,脅迫,,CONTROL_COERCION,控制、约束或非自愿情境标签,CORE,HIGH_PRECISION_ANCHOR,OK,True,high,ACCEPT_HIGH_CONF,KEEP_CANONICAL,False,26,0.0145008365867261,26,0.0126336248785228,5.33413884102346,138.68760986660996,UNKNOWN,UNKNOWN,UNRESOLVED,PRIMARY,チャラ男達にナンパ→即ハメかまされた地味妻～夫の隣で寝取られ3P温泉旅行～,七色風香,暗恋的姐姐被黄毛攻陷了后门（有码） ポニテちゃんはアナルに屈しない！,シロクロスキー,初めての学生バイト 信じていた店長に脱処女された都会を知らない学生,エアリーソックス,全彩 | 長篇 | 人妻 | NTR | 短篇,七色風香 | シロクロスキー | エアリーソックス | 井藤ななみ | 下級武士,,local tag semantics + example titles/authors,
母女,母女,母女,,RELATIONSHIP,关系、亲属或年龄关系,CORE,HIGH_PRECISION_ANCHOR,OK,True,high,ACCEPT_HIGH_CONF,KEEP_CANONICAL,False,25,0.0139431121026213,25,0.0121477162293488,5.371879169006308,134.29697922515768,UNKNOWN,UNKNOWN,UNRESOLVED,PRIMARY,野々原柚花のヒミツのハイシン1-6 - 野野原柚花的祕密直播1-6 [中文] [無修正],しおこんぶ,娘の次はママオナホ・オナホ合宿＃2 + おまけ[无修正] [中国翻訳] [DL版],どくろさん,ノンアポで訪問したらセックス家庭教師と誤認してもらえてセックス授業できるアプリEX,ぼし、クサシオ,長篇 | 人妻 | 短篇 | 單行本 | 後宮閃光,しおこんぶ | どくろさん | ぼし、クサシオ | 彩画堂 | sage・ジョー,,local tag semantics + example titles/authors,
無H內容,無h內容,無H內容,,META_ADMIN,平台或内容管理元数据,IGNORE,EXCLUDE,OK,False,high,ACCEPT_HIGH_CONF,KEEP_CANONICAL,False,25,0.0139431121026213,25,0.0121477162293488,5.371879169006308,134.29697922515768,UNKNOWN,UNKNOWN,UNRESOLVED,PRIMARY,(C88) ふみかがいっぱいまとめ本 (アイドルマスター シンデレラガールズ) [中国翻訳],Nohito,赛博朋克 2077 & Edgerunners / 官方艺术设定集 & 官方壁纸 &官方漫画,CD Projekt Red,[腥味猫罐] 禁闭者 MBCC-S-193 艾瑞尔,腥味猫罐,短篇 | 同人 | 純愛 | 全彩 | CG雜圖,Nohito | CD Projekt Red | 腥味猫罐 | ましゅー | 呉マサヒロ,fate / grand order,local tag semantics + example titles/authors,
凹陷乳頭,凹陷乳頭,凹陷乳頭,,BODY_ATTRIBUTE,身体或解剖属性,CORE,HIGH_PRECISION_ANCHOR,OK,True,high,ACCEPT_HIGH_CONF,KEEP_CANONICAL,False,25,0.0139431121026213,26,0.0126336248785228,5.33413884102346,133.3534710255865,UNKNOWN,UNKNOWN,UNRESOLVED,PRIMARY,マモノノヘヤ 〜6年ぶりに再会したら引きこもりニートになっていた親友のお姉さんに迫られて精液を搾り取られる話〜,桃雲,えろえろまっさーじ (別冊COMIC GEE アンソロジー 悶えて喘ぐ!!ほしがりな人妻たち!!),心友,高嶺家の一輪華 ~gypsophila~ (コミック エグゼ 27) [中国翻訳] [DL版],黒ノ樹,短篇 | 人妻 | 純愛 | 長篇 | 後宮閃光,桃雲 | 心友 | 黒ノ樹 | 森島コン | ケオヤ,fate / grand order,local tag semantics + example titles/authors,
姐妹,姐妹,姐妹,,RELATIONSHIP,关系、亲属或年龄关系,CORE,HIGH_PRECISION_ANCHOR,OK,True,high,ACCEPT_HIGH_CONF,KEEP_CANONICAL,False,25,0.0139431121026213,26,0.0126336248785228,5.33413884102346,133.3534710255865,UNKNOWN,UNKNOWN,UNRESOLVED,PRIMARY,だらしなく堕ちるお姉さんは好きですか? (コミック エグゼ 24) [中国翻訳] [DL版],なしぱすた,姉体験女学寮 ～Limited Edition～ 限定版 薄碼版 含特典,みちきんぐ,[雑誌] COMIC ExE (コミック エグゼ) 05 [DL版],成年コミック,短篇 | 強暴 | 姐姐系 | 長篇 | 純愛,なしぱすた | みちきんぐ | 成年コミック | kakao | 立花オミナ,,local tag semantics + example titles/authors,
裸體圍裙,裸體圍裙,裸體圍裙,,APPEARANCE_OUTFIT,服装、配饰或造型,CORE,HIGH_PRECISION_ANCHOR,OK,True,high,ACCEPT_HIGH_CONF,KEEP_CANONICAL,False,24,0.0133853876185164,24,0.0116618075801749,5.411099882159589,129.86639717183013,UNKNOWN,UNKNOWN,UNRESOLVED,PRIMARY,巨乳が2人いないと勃起しない夫のために友達を連れてきた妻総集編｜為了沒有兩個巨乳就無法勃起的丈夫妻子帶來了自己的朋友總集篇 [中国翻訳] [無修正] [DL版],立花オミナ,イケナイ関係～味わい尽くす上司妻～ (ANGEL倶楽部 2021年12月号) [中国翻訳] [DL版],柴犬五郎,高嶺家の二輪花 ~iris~ (コミック エグゼ 25) [中国翻訳] [DL版],黒ノ樹,長篇 | 後宮閃光 | 單行本 | 短篇 | 人妻,立花オミナ | 柴犬五郎 | 黒ノ樹 | カラスちゃん | あるぷ,lovelive,local tag semantics + example titles/authors,
褲襪,褲襪,褲襪,,APPEARANCE_OUTFIT,服装、配饰或造型,CORE,HIGH_PRECISION_ANCHOR,OK,True,high,ACCEPT_HIGH_CONF,KEEP_CANONICAL,False,24,0.0133853876185164,25,0.0121477162293488,5.371879169006308,128.9251000561514,UNKNOWN,UNKNOWN,UNRESOLVED,PRIMARY,スマートグラスのラブアシストアプリを使って絶頂カウントえっち I 靠着智能眼镜上的恋爱❤小助手app跟女朋友在床上进行高潮计数爱爱,無糖紅茶,少子化対策未来庁 ━ 小野田 光編 ━ チン媚びボディ面接官達のドスケベ誘惑面接〜金玉が空になるまで搾られました〜,KeinV,私の配属先は性処理課3 〜ギャルなインターン生編〜 | 我被分配的部门是性处理科3~辣妹实习篇~,cielo,短篇 | 長篇 | 人妻,無糖紅茶 | KeinV | cielo | 心友 | 92M,,local tag semantics + example titles/authors,
獸耳,獸耳,獸耳,,SPECIES_FANTASY,物种、非人或幻想角色类型,CORE,HIGH_PRECISION_ANCHOR,OK,True,high,ACCEPT_HIGH_CONF,KEEP_CANONICAL,False,24,0.0133853876185164,26,0.0126336248785228,5.33413884102346,128.01933218456304,KNOWN,CHARACTER_BODY_ATTRIBUTE,CORE,PRIMARY,別冊コミックアンリアル けもみみえっち〜発情期をきっかけに結ばれた獣っ娘たち〜 デジタル版 Vol.2,アンソロジー,MILK－正太魅魔被大姐姐们两面包夹－/MILK －ショタ淫魔がお姉さんたちに挟まれる話－,KOMOTA,(サンクリ2020 Summer) 妹と(●●で)イチャイチャする本 [中国翻訳],karory,非人類 | 短篇 | 全彩 | 後宮閃光 | 姐姐系,アンソロジー | KOMOTA | karory | ぴょん吉 | Croriin,,local tag semantics + example titles/authors,
魅魔,魅魔,魅魔,,SPECIES_FANTASY,物种、非人或幻想角色类型,CORE,HIGH_PRECISION_ANCHOR,OK,True,high,ACCEPT_HIGH_CONF,KEEP_CANONICAL,False,23,0.0128276631344116,23,0.0111758989310009,5.451921876679844,125.3942031636364,UNKNOWN,UNKNOWN,UNRESOLVED,PRIMARY,VictimGirls Compiled Vol.1 -Victimgirls総集編1- MMO Game Selection (よろず),朝凪,デリ☆サキュ!! vol.1.0+2.0+3.0 ～サキュバスのハーレムに逆デリバリーされて搾り尽くされたレポ～ [中文] [無修正],ナビエ遥か2T,MILK－正太魅魔被大姐姐们两面包夹－/MILK －ショタ淫魔がお姉さんたちに挟まれる話－,KOMOTA,長篇 | 強暴 | 單行本 | 後宮閃光 | 非人類,朝凪 | ナビエ遥か2T | KOMOTA | ひょころー | 笹森トモエ,,local tag semantics + example titles/authors,
單行本,單行本,單行本,,FORMAT,作品载体或内容格式,MODIFIER,MODIFIER_ONLY,OK,True,high,ACCEPT_HIGH_CONF,KEEP_CANONICAL,False,23,0.0128276631344116,24,0.0116618075801749,5.411099882159589,124.45529728967055,KNOWN,FORMAT,MODIFIER,SECONDARY,膣性感開発 中イキ完全マニュアル イラスト版｜內部攻略！圖解陰道快感開發･高潮完全指南,由良橋勢,めしべの飲み込みゆく果てに めしべの咲き誇る島で1-2卷 1-18话[中國翻譯],彩画堂,恋染まーきんぐ + とらのあな限定特典 染上愛液標記 + 虎之穴特典,オクモト悠太,長篇 | 單行本 | 人妻 | 後宮閃光 | 純愛,由良橋勢 | 彩画堂 | オクモト悠太 | 成年コミック | 鬼頭サケル,,local tag semantics + example titles/authors,
姐弟,姐弟,姐弟,,RELATIONSHIP,关系、亲属或年龄关系,CORE,HIGH_PRECISION_ANCHOR,OK,True,high,ACCEPT_HIGH_CONF,KEEP_CANONICAL,False,22,0.0122699386503067,23,0.0111758989310009,5.451921876679844,119.94228128695656,UNKNOWN,UNKNOWN,UNRESOLVED,PRIMARY,誰にも言えない (COMIC 失楽天 2019年12月号) [中国翻訳] [DL版],西沢みずき,姉体験女学寮 ～Limited Edition～ 限定版 薄碼版 含特典,みちきんぐ,暗恋的姐姐被黄毛攻陷了后门（有码） ポニテちゃんはアナルに屈しない！,シロクロスキー,短篇 | 姐姐系 | 人妻 | 長篇 | 純愛,西沢みずき | みちきんぐ | シロクロスキー | いづれ | ふるべ,,local tag semantics + example titles/authors,
SM,sm,SM,,FETISH_TROPE,特殊偏好或机制型标签,CORE,HIGH_PRECISION_ANCHOR,OK,True,high,ACCEPT_HIGH_CONF,KEEP_CANONICAL,False,22,0.0122699386503067,23,0.0111758989310009,5.451921876679844,119.94228128695656,UNKNOWN,UNKNOWN,UNRESOLVED,PRIMARY,ココロノガイダンス (COMIC 快楽天ビースト 2020年4月号) [中国翻訳] [DL版],kakao,まりあ様の誓約～私と上司の主従関係～玛丽亚主人的誓约～ 我和上司的主从关系～,心友,私のHな履歴書みてください 請看看我的情色履歷 單行本 更新第3本,春輝,短篇 | 純愛 | 長篇 | 人妻 | NTR,kakao | 心友 | 春輝 | みちきんぐ | 裏万屋,,local tag semantics + example titles/authors,
阿姨,阿姨,阿姨,,IDENTITY_ROLE,人物身份、职业或社会角色,CORE,HIGH_PRECISION_ANCHOR,OK,True,high,ACCEPT_HIGH_CONF,KEEP_CANONICAL,False,21,0.0117122141662018,22,0.010689990281827,5.49448149109864,115.38411131307144,UNKNOWN,UNKNOWN,UNRESOLVED,PRIMARY,疼き～子持ち妻のオカズ事情～ (ANGEL 倶楽部 2025年10月号),柴犬五郎,父が再婚した新しいママは、中出しOKのドスケベ爆乳ママでした,わさびどん,夏とおばさん1-3 (オリジナル) [中国翻訳][DL版],おのでら、うに18,短篇 | 人妻 | 長篇 | NTR,柴犬五郎 | わさびどん | おのでら、うに18 | よしおエレキ | じゅらい,,local tag semantics + example titles/authors,
女大學生(JD)  ,女大學生(jd,女大學生(JD),,IDENTITY_ROLE,人物身份、职业或社会角色,CORE,HIGH_PRECISION_ANCHOR,OK,True,high,ACCEPT_HIGH_CONF,KEEP_CANONICAL,False,21,0.0117122141662018,22,0.010689990281827,5.49448149109864,115.38411131307144,KNOWN,CHARACTER_IDENTITY_ROLE,CORE,PRIMARY,地味メガネで隠れ巨乳JDのある満員電車での出来事 | 土味眼鏡妹隱藏巨乳JD在滿員電車上會發生的事,うめ丸,インモラル♡クロスオーバー (コミックゼロス #84) [中国翻訳] [DL版],さんじゅうろう,清楚×反転 ~女友達がサキュバスに身体を乗っ取られて毎日精力供給させられる話~,ひょころー,短篇 | 長篇 | 非人類 | NTR,うめ丸 | さんじゅうろう | ひょころー | カラスちゃん | 眠井ねず、どえむたん,,local tag semantics + example titles/authors,
母子,母子,母子,,RELATIONSHIP,关系、亲属或年龄关系,CORE,HIGH_PRECISION_ANCHOR,OK,True,high,ACCEPT_HIGH_CONF,KEEP_CANONICAL,False,21,0.0117122141662018,23,0.0111758989310009,5.451921876679844,114.49035941027672,UNKNOWN,UNKNOWN,UNRESOLVED,PRIMARY,My Mother+Extra Ep+sex on the beach [中国翻訳][無修正],XTER,母と堕ちていく part1+2+3+4 [中国翻訳],ふるべ,僕の大好きな母さんと思う存分セックスできる日 1-5,ひげふらい,長篇 | 人妻 | 短篇,XTER | ふるべ | ひげふらい | 汐乃コウ,,local tag semantics + example titles/authors,
猫耳娘,猫耳娘,猫耳娘,,SPECIES_FANTASY,物种、非人或幻想角色类型,CORE,HIGH_PRECISION_ANCHOR,OK,True,high,ACCEPT_HIGH_CONF,KEEP_CANONICAL,False,20,0.011154489682097,20,0.0097181729834791,5.585453269304367,111.70906538608732,UNKNOWN,UNKNOWN,UNRESOLVED,PRIMARY,日焼け跡の娘と夫婦になったその夜、義母もうっかり孕ませてしまう夏プラス | 和带有晒痕的少女成为夫妇的那一晚，由于一念之差让岳母怀孕的夏天2,sage・ジョー,ハニーテンプテーション + デジタル特装版♥限定特典 次はこうはいかないからな!後日談,広弥,ノンアポで訪問したらセックス家庭教師と誤認してもらえてセックス授業できるアプリEX,ぼし、クサシオ,長篇 | 後宮閃光 | 單行本 | 短篇,sage・ジョー | 広弥 | ぼし、クサシオ | うめこっぺ | 雛咲葉,,local tag semantics + example titles/authors,
巫女,巫女,巫女,,IDENTITY_ROLE,人物身份、职业或社会角色,CORE,HIGH_PRECISION_ANCHOR,OK,True,high,ACCEPT_HIGH_CONF,KEEP_CANONICAL,False,20,0.011154489682097,21,0.010204081632653,5.538933253669474,110.77866507338948,UNKNOWN,UNKNOWN,UNRESOLVED,PRIMARY,巫女の島の姫 ～後編～ (ANGEL倶楽部 2021年6月号),真夜中足穂,(Fanbox)  巫女バイト [中国翻訳] [無修正],MANA,凶運 Pick Up (コミックリブート Vol.22),柚十扇,短篇 | 後宮閃光 | 純愛 | 人妻 | 全彩,真夜中足穂 | MANA | 柚十扇 | karory,,local tag semantics + example titles/authors,
近親相交: 母,近親相交: 母,近親相交: 母,,RELATIONSHIP,关系、亲属或年龄关系,CORE,HIGH_PRECISION_ANCHOR,OK,True,high,ACCEPT_HIGH_CONF,KEEP_CANONICAL,False,20,0.011154489682097,22,0.010689990281827,5.49448149109864,109.8896298219728,UNKNOWN,UNKNOWN,UNRESOLVED,PRIMARY,My Mother+Extra Ep+sex on the beach [中国翻訳][無修正],XTER,ママトラレ 優しくて大好きな母さんはクラスの同級生に… (オリジナル) [DL版],桜湯ハル,人妻かなえさん fanita 短篇漫合集 [中国翻訳],おるとろ,長篇 | 人妻 | 短篇 | NTR,XTER | 桜湯ハル | おるとろ | ふるべ | ひげふらい,,local tag semantics + example titles/authors,
妹妹,妹妹,妹妹,,RELATIONSHIP,关系、亲属或年龄关系,CORE,HIGH_PRECISION_ANCHOR,OK,True,high,ACCEPT_HIGH_CONF,KEEP_CANONICAL,False,20,0.011154489682097,22,0.010689990281827,5.49448149109864,109.8896298219728,KNOWN,RELATIONSHIP_TROPE,CORE,PRIMARY,逢魔が時に囁いて～柚葉の闇がり～ (COMIC 快楽天ビースト 2020年5月号) [中国翻訳] [DL版],雛咲葉,(C103) 妹と妹の親友で催眠耐性EXの清楚JCと催眠でイチャイチャする本 [中国翻訳],karory,(サンクリ2020 Summer) 妹と(●●で)イチャイチャする本 [中国翻訳],karory,短篇 | 妹妹系 | 全彩 | 同人 | 純愛,雛咲葉 | karory | あきのそら,,local tag semantics + example titles/authors,
按摩,按摩,按摩,,SEXUAL_BEHAVIOR,行为类内容标签,CORE,HIGH_PRECISION_ANCHOR,OK,True,high,ACCEPT_HIGH_CONF,KEEP_CANONICAL,False,19,0.0105967651979921,19,0.0092322643343051,5.634243433473799,107.05062523600218,UNKNOWN,UNKNOWN,UNRESOLVED,PRIMARY,地味目な黒髪エルフちゃんがえっちなマッサージ店で性感帯開発されちゃうお話 土气黑发精灵在色情按摩店被开发性感带的故事,茜,催眠コンビニ アナタと交尾で孕みーマート /催眠便利商店 和你交尾然后受孕超市 [無修正] [中国翻译] [進行中],満開開花,陸上部のボクっ娘同級生が中年顧問にメスにされる一部始終 | 田径部的女汉子同级生被中年顾问雌性化的全过程,丸新,短篇 | 全彩 | 長篇 | CG雜圖 | NTR,茜 | 満開開花 | 丸新 | ababari | 心友,,local tag semantics + example titles/authors,
鄰居,鄰居,鄰居,,IDENTITY_ROLE,人物身份、职业或社会角色,CORE,HIGH_PRECISION_ANCHOR,OK,True,high,ACCEPT_HIGH_CONF,KEEP_CANONICAL,False,19,0.0105967651979921,19,0.0092322643343051,5.634243433473799,107.05062523600218,UNKNOWN,UNKNOWN,UNRESOLVED,PRIMARY,おとなりの人妻(35) 〜歳の差なんて(上)~ + 俺だけの熟れ妻(45)〜歳の差なんて(下)〜,gonza,浮気公認マユミさん 性欲、強すぎるから他の男とセックスして！！,ロケットモンキー,四畳半一間アパートで子持ちドスケベ隣人と汗だく濃厚なお付き合い,木村寧都,人妻 | 長篇 | 短篇 | NTR,gonza | ロケットモンキー | 木村寧都 | 依田キクない | おのでら,,local tag semantics + example titles/authors,
繩束,繩束,繩束,,CONTROL_COERCION,控制、约束或非自愿情境标签,CORE,HIGH_PRECISION_ANCHOR,OK,True,high,ACCEPT_HIGH_CONF,KEEP_CANONICAL,False,19,0.0105967651979921,19,0.0092322643343051,5.634243433473799,107.05062523600218,UNKNOWN,UNKNOWN,UNRESOLVED,PRIMARY,ワカラセ総集編～終わらない悪夢と溺れるオンナたち～＋新規描き下ろし漫画２１ページ[中国翻译],むうつき、雪仁,校内で一番可愛くて一番おっぱいがデカくて一番オカズにされてる一番スケベな江藤さん,紅端よどむ,完堕ち×元ヤン妻 ～ごめんなさい。私、ムカつく後輩に肉オナホにされちゃったの～,みな本,長篇 | 強暴 | 單行本 | CG雜圖 | 人妻,むうつき、雪仁 | 紅端よどむ | みな本 | Himitsu | Agent_SS,fate / grand order,local tag semantics + example titles/authors,
護士,護士,護士,,IDENTITY_ROLE,人物身份、职业或社会角色,CORE,HIGH_PRECISION_ANCHOR,OK,True,high,ACCEPT_HIGH_CONF,KEEP_CANONICAL,False,19,0.0105967651979921,19,0.0092322643343051,5.634243433473799,107.05062523600218,KNOWN,CHARACTER_IDENTITY_ROLE,CORE,PRIMARY,トリプルヘブン (COMIC 快楽天ビースト 2019年7月号) [中国翻訳] [DL版],kakao,みだれて天使 (COMIC 快楽天ビースト 2022年1月号) [中国翻訳] [DL版],雛咲葉,恋染まーきんぐ + とらのあな限定特典 染上愛液標記 + 虎之穴特典,オクモト悠太,短篇 | NTR | 純愛 | 長篇 | 單行本,kakao | 雛咲葉 | オクモト悠太 | 山石18 | 宇場義行,,local tag semantics + example titles/authors,
偶像大師,偶像大師,偶像大師,,FANDOM_IP,作品、游戏、动画或系列IP,CORE,HIGH_PRECISION_ANCHOR,OK,True,high,ACCEPT_HIGH_CONF,KEEP_CANONICAL,False,19,0.0105967651979921,19,0.0092322643343051,5.634243433473799,107.05062523600218,KNOWN,FANDOM_IP,CORE,PRIMARY,(C94) アイドルなら性交渉の心得くらいあるべきだと思うよ恋鐘ちゃん (アイドルマスターシャイニーカラーズ),丸新,ヤリ部屋と配達と私 | 炮房与外卖员与我 (THE iDOLM@STER: Shiny Colors),chocobeam,(C95)  美波だって誘惑しますよ? (アイドルマスター シンデレラガールズ)[中国翻訳],ぐすたふ,同人 | 短篇 | 全彩 | 純愛,丸新 | chocobeam | ぐすたふ | Sian,偶像大師 | 偶像大師灰姑娘,local tag semantics + example titles/authors,
女狐,女狐,女狐,,SPECIES_FANTASY,物种、非人或幻想角色类型,CORE,HIGH_PRECISION_ANCHOR,OK,True,high,ACCEPT_HIGH_CONF,KEEP_CANONICAL,False,19,0.0105967651979921,20,0.0097181729834791,5.585453269304367,106.12361211678297,UNKNOWN,UNKNOWN,UNRESOLVED,PRIMARY,雑貨屋を営む俺と毎日店に通う小さいフェネック種のお姉さんシリーズ｜开杂货店的我与每天来光顾的小型狐族姐姐 [中国翻译],犬魔人,別冊コミックアンリアル けもみみえっち〜発情期をきっかけに結ばれた獣っ娘たち〜 デジタル版 Vol.2,アンソロジー,初恋の人がお狐様だった (WEEKLY快楽天 2025 No.24),日野ひもと,短篇 | 非人類 | CG雜圖 | 同人 | Fate,犬魔人 | アンソロジー | 日野ひもと | ましゅー | flanvia,fate / grand order,local tag semantics + example titles/authors,
媚藥,媚藥,媚藥,,CONTROL_COERCION,控制、约束或非自愿情境标签,CORE,HIGH_PRECISION_ANCHOR,OK,True,high,ACCEPT_HIGH_CONF,KEEP_CANONICAL,False,19,0.0105967651979921,22,0.010689990281827,5.49448149109864,104.39514833087416,KNOWN,FETISH_TROPE,CORE,PRIMARY,ヤリ部屋と配達と私 | 炮房与外卖员与我 (THE iDOLM@STER: Shiny Colors),chocobeam,ヘマした僕をかばって捕まった先輩女捜査官が悪党共に媚薬漬けでヤられる姿にクズ勃起 (オリジナル),クゥロン,(COMIC1☆12) FALLEN SAINT (Fate/Grand Order),あるぷ,短篇 | 長篇 | 強暴 | 同人 | Fate,chocobeam | クゥロン | あるぷ | キャンベル議長 | 二峰跨人,偶像大師 | fate / grand order,local tag semantics + example titles/authors,
短襪,短襪,短襪,,APPEARANCE_OUTFIT,服装、配饰或造型,CORE,HIGH_PRECISION_ANCHOR,OK,True,high,ACCEPT_HIGH_CONF,KEEP_CANONICAL,False,18,0.0100390407138873,18,0.0087463556851311,5.685536727861349,102.33966110150428,UNKNOWN,UNKNOWN,UNRESOLVED,PRIMARY,部活少女パラダイス 部活少女的性愛天堂 香汗淋漓的天使們,ブラザーピエロ,学お坊ちゃまは思春期 (コミックゼロス #53),森島コン,イキ体関係 (コミックメガストア Vol.15),ロケットモンキー,長篇 | 純愛 | 後宮閃光 | 單行本 | 妹妹系,ブラザーピエロ | 森島コン | ロケットモンキー | さんじゅうろう,,local tag semantics + example titles/authors,
道具,道具,道具,,SEXUAL_BEHAVIOR,行为类内容标签,CORE,HIGH_PRECISION_ANCHOR,OK,True,high,ACCEPT_HIGH_CONF,KEEP_CANONICAL,False,17,0.0094813162297824,17,0.0082604470359572,5.739603949131625,97.5732671352376,UNKNOWN,UNKNOWN,UNRESOLVED,PRIMARY,絶頂リフレ 駅前の性感マッサージ店で◯◯になっちゃう女の子の話 [中文][無修正],ぽちたろ,陰核愛撫・クリイキ完全マニュアル イラスト版……らぶクリ！,由良橋勢,絶賛配信中ッ義母肉便器計画! 第1，2話 [中国翻訳],牧だいきち,長篇 | 禁書目錄 | 單行本 | 人妻 | 強暴,ぽちたろ | 由良橋勢 | 牧だいきち | みな本 | 僵僵僵酱,原神:雷電將軍 | 原神,local tag semantics + example titles/authors,
電車痴漢,電車痴漢,電車痴漢,,SEXUAL_BEHAVIOR,行为类内容标签,CORE,HIGH_PRECISION_ANCHOR,OK,True,high,ACCEPT_HIGH_CONF,KEEP_CANONICAL,False,17,0.0094813162297824,17,0.0082604470359572,5.739603949131625,97.5732671352376,UNKNOWN,UNKNOWN,UNRESOLVED,PRIMARY,VictimGirls Compiled Vol.1 -Victimgirls総集編1- MMO Game Selection (よろず),朝凪,私は女の子が好きだったはずなのに【第1話】 (COMIC 真激 2021年7月号) [中国翻訳] [DL版],doumou,地味メガネで隠れ巨乳JDのある満員電車での出来事 | 土味眼鏡妹隱藏巨乳JD在滿員電車上會發生的事,うめ丸,長篇 | 強暴 | 單行本 | 短篇 | 姐姐系,朝凪 | doumou | うめ丸 | 遠峰犬玉 | 宏式,,local tag semantics + example titles/authors,
援交,援交,援交,,SEXUAL_BEHAVIOR,行为类内容标签,CORE,HIGH_PRECISION_ANCHOR,OK,True,high,ACCEPT_HIGH_CONF,KEEP_CANONICAL,False,17,0.0094813162297824,17,0.0082604470359572,5.739603949131625,97.5732671352376,UNKNOWN,UNKNOWN,UNRESOLVED,PRIMARY,ぽるこれ カースト上位のあの子は実は淫乱ドスケベ痴女-総集編- | 春色收藏 身为同龄人婆罗门的她其实是荒淫无度的痴女-总集篇-,パイレーツキャット,おじさんで埋める穴 〜チーム☆ラッキー作品集〜 被歐吉桑塞滿的那裡 〜チーム☆ラッキー作品集〜 薄碼版 單行本,チーム☆ラッキー,人妻ぺっと～人妻がパパ活セックスにハマり夫公認で男たちのペットになる話～【前編】[中国翻訳],おじょ,長篇 | 同人 | 單行本 | 妹妹系 | NTR,パイレーツキャット | チーム☆ラッキー | おじょ | よもぎ豆太郎 | さんじゅうろう,,local tag semantics + example titles/authors,
放尿,放尿,放尿,,PHYSIOLOGY_STATE,生理、身体状态或生殖状态,CORE,HIGH_PRECISION_ANCHOR,OK,True,high,ACCEPT_HIGH_CONF,KEEP_CANONICAL,False,17,0.0094813162297824,18,0.0087463556851311,5.685536727861349,96.65412437364292,UNKNOWN,UNKNOWN,UNRESOLVED,PRIMARY,Connect - 少女与触手编织出爱 - /Connect-少女は触手と愛をつむぐ-,KOMOTA,俺のARメガネは義妹の様々な数値が見える?! | 我的AR眼鏡能看到義妹的各種數值？！,pz-x,娘の次はママオナホ・オナホ合宿＃2 + おまけ[无修正] [中国翻訳] [DL版],どくろさん,全彩 | 非人類 | 純愛 | 長篇 | 妹妹系,KOMOTA | pz-x | どくろさん | よるげ | にゅう,,local tag semantics + example titles/authors,
開迷你車,開迷你車,開迷你車,,SEXUAL_BEHAVIOR,行为类内容标签,CORE,HIGH_PRECISION_ANCHOR,OK,True,high,ACCEPT_HIGH_CONF,KEEP_CANONICAL,False,16,0.0089235917456776,16,0.0077745383867832,5.796762362971573,92.74819780754515,UNKNOWN,UNKNOWN,UNRESOLVED,PRIMARY,ごめんなさい主さま/真的非常抱歉主人1-3 (プリンセスコネクト!Re：Dive) [中国翻訳] [無修正] [DL版],かろちー,ちょっとMでドスケベで + メロンブックス限定小冊子 キャラクタープロット集,もじゃりん,義母エルフに愛されすぎて冒険に出られません! (異世快楽天 Vol.10),かに村えびお,長篇 | 同人 | NTR | 非人類 | 單行本,かろちー | もじゃりん | かに村えびお | みちきんぐ | kamasu,,local tag semantics + example titles/authors,
媽媽,媽媽,媽媽,,RELATIONSHIP,关系、亲属或年龄关系,CORE,HIGH_PRECISION_ANCHOR,OK,True,high,ACCEPT_HIGH_CONF,KEEP_CANONICAL,False,16,0.0089235917456776,16,0.0077745383867832,5.796762362971573,92.74819780754515,UNKNOWN,UNKNOWN,UNRESOLVED,PRIMARY,【CG】如月真绫作者新作，要当妈妈啦！一想起你就要溢出的欧派！ （ああっママになるっ！ ～アナタを想って溢れるおっぱい）,あかべぇそふとつぅ,高嶺家の一輪華 ~gypsophila~ (コミック エグゼ 27) [中国翻訳] [DL版],黒ノ樹,My Mother+Extra Ep+sex on the beach [中国翻訳][無修正],XTER,全彩 | 長篇 | CG雜圖 | 短篇 | 人妻,あかべぇそふとつぅ | 黒ノ樹 | XTER | JUNKセンター亀横ビル | ミサカ12003,崩壞:星穹鐵道,local tag semantics + example titles/authors,
偶像 / 模特兒,偶像 / 模特兒,偶像 / 模特兒,,IDENTITY_ROLE,人物身份、职业或社会角色,CORE,HIGH_PRECISION_ANCHOR,OK,True,high,ACCEPT_HIGH_CONF,KEEP_CANONICAL,False,16,0.0089235917456776,16,0.0077745383867832,5.796762362971573,92.74819780754515,UNKNOWN,UNKNOWN,UNRESOLVED,PRIMARY,(C94) アイドルなら性交渉の心得くらいあるべきだと思うよ恋鐘ちゃん (アイドルマスターシャイニーカラーズ),丸新,(C96) 鷺沢文香のハメ撮りドスケベインタビュー (アイドルマスター シンデレラガールズ),どくろさん,夜まで待てない (アイドルマスター シンデレラガールズ),ぐすたふ,同人 | 短篇 | 全彩 | 長篇 | 單行本,丸新 | どくろさん | ぐすたふ | 笹森トモエ | 大槍葦人,偶像大師 | 偶像大師灰姑娘 | 偶像大師灰姑娘: 渋谷凛 | 偶像大師灰姑娘: 安娜斯塔西婭 | 偶像大師灰姑娘: 輿水幸子,local tag semantics + example titles/authors,
C96,c96,C96,,PUBLICATION_EVENT,展会/场次/发布事件来源,IGNORE,EXCLUDE,OK,False,high,ACCEPT_HIGH_CONF,KEEP_CANONICAL,False,16,0.0089235917456776,16,0.0077745383867832,5.796762362971573,92.74819780754515,EXCLUDED,EVENT_SOURCE,IGNORE,NONE,(C96)  NINGEN HATSUDENSYO (Fate/Grand Order) [中国翻訳],じゃが山たらヲ,(C96) 鷺沢文香のハメ撮りドスケベインタビュー (アイドルマスター シンデレラガールズ),どくろさん,(C96)たくじ本 2019なつ (通常攻撃が全体攻撃で二回攻撃のお母さんは好きですか？),たくじ,短篇 | 同人 | 純愛 | Fate | 人妻,じゃが山たらヲ | どくろさん | たくじ | 常磐緑 | 橘由宇,fate / grand order,local tag semantics + example titles/authors,
辣妹,辣妹,辣妹,,APPEARANCE_TRAIT,外貌、发型、肤色或体型特征,CORE,HIGH_PRECISION_ANCHOR,OK,True,high,ACCEPT_HIGH_CONF,KEEP_CANONICAL,False,15,0.0083658672615727,15,0.0072886297376093,5.8573869847880085,87.86080477182013,UNKNOWN,UNKNOWN,UNRESOLVED,PRIMARY,ギャルが泊まりに来たので中出しエッチさせてもらった話。 | 辣妹来到家中借住和她做爱并内射的故事,漫天堂,ブラック企業の仮眠室がヤリ部屋になってた話 | 黑心企业的休息室化为炮房的故事,大島あき,家庭教師として居候したはずが、エロいギャル達とセックスばかりしています 。,しえん,短篇 | 長篇 | 全彩 | 純愛 | 後宮閃光,漫天堂 | 大島あき | しえん | 赤月みゅうと | kakao,,local tag semantics + example titles/authors,
淫紋,淫紋,淫紋,,FETISH_TROPE,特殊偏好或机制型标签,CORE,HIGH_PRECISION_ANCHOR,OK,True,high,ACCEPT_HIGH_CONF,KEEP_CANONICAL,False,15,0.0083658672615727,15,0.0072886297376093,5.8573869847880085,87.86080477182013,UNKNOWN,UNKNOWN,UNRESOLVED,PRIMARY,転生したら女神がいたので取り敢えず犯した|转生之后发现面前有个女神，二话不说就把她上了,はとめ,Carnal Chaldea 8 (Fate/Grand Order),ミサカ12003,裸一貫異世界農業〜サキュバスとドライアドだけから始めるタネ付け性活〜,ぷぅ崎ぷぅ奈、メネア・ザ・ドッグ,短篇 | 全彩 | 同人 | Fate | 後宮閃光,はとめ | ミサカ12003 | ぷぅ崎ぷぅ奈、メネア・ザ・ドッグ | 立花オミナ | くらろめ,fate / grand order,local tag semantics + example titles/authors,
原神,原神,原神,,FANDOM_IP,作品、游戏、动画或系列IP,CORE,HIGH_PRECISION_ANCHOR,OK,True,high,ACCEPT_HIGH_CONF,KEEP_CANONICAL,False,15,0.0083658672615727,16,0.0077745383867832,5.796762362971573,86.95143544457359,KNOWN,FANDOM_IP,CORE,PRIMARY,雷電将軍   Raiden Shogun（OL）[AI Generated],Paperhero,[FANBOX] 閑雲：空の試練 +空の試練2 (原神) [中国翻訳],KeinV,肉欲蜜乳~高赞榨精系综漫性交合集（明日方舟·原神等H）,Dodok,NTR | 全彩 | CG雜圖 | 短篇 | 同人,Paperhero | KeinV | Dodok | XMC | 僵僵僵酱,原神:雷電將軍 | 原神 | 原神:申鶴 | 原神:甘雨 | 原神: 閒雲,local tag semantics + example titles/authors,
惡墮,惡墮,惡墮,,STORY_TROPE,叙事套路或剧情关系主题,CORE,HIGH_PRECISION_ANCHOR,OK,True,high,ACCEPT_HIGH_CONF,KEEP_CANONICAL,False,15,0.0083658672615727,19,0.0092322643343051,5.634243433473799,84.51365150210698,UNKNOWN,UNKNOWN,UNRESOLVED,PRIMARY,異世界来たのでスケベスキルで全力謳歌しようと思う 既然來到異世界就用好色技能盡其所能的謳歌人生 特装版 單行本版本,あきのそら,おじさんで埋める穴 〜チーム☆ラッキー作品集〜 被歐吉桑塞滿的那裡 〜チーム☆ラッキー作品集〜 薄碼版 單行本,チーム☆ラッキー,胡蝶しのぶ姦 ～寝ている間におっさん鬼に犯される～ (鬼滅の刃) [中国翻訳] [DL版],まー九郎,長篇 | 純愛 | 後宮閃光 | 單行本 | 姐姐系,あきのそら | チーム☆ラッキー | まー九郎 | 二峰跨人 | 竜太,,local tag semantics + example titles/authors,
乳環,乳環,乳環,,BODY_ATTRIBUTE,身体或解剖属性,CORE,HIGH_PRECISION_ANCHOR,OK,True,high,ACCEPT_HIGH_CONF,KEEP_CANONICAL,False,14,0.0078081427774679,14,0.0068027210884353,5.92192550592558,82.90695708295812,UNKNOWN,UNKNOWN,UNRESOLVED,PRIMARY,アダオチ ～ 裏切りの快楽 ～ (ANGEL 倶楽部 2025年12月号),下っ端,母娘田舎調教地獄〈第1話〉 (COMIC 夢幻転生 2026年08月号),墓場,[PIXIV] XMC [104685880]（AI）,XMC,短篇 | 人妻 | SM | 全彩 | 同人,下っ端 | 墓場 | XMC | よしとら | wawax,原神:八重神子 | 原神:神裡綾華 | 原神:宵宮 | 原神:熒 | 原神,local tag semantics + example titles/authors,
C97,c97,C97,,PUBLICATION_EVENT,展会/场次/发布事件来源,IGNORE,EXCLUDE,OK,False,high,ACCEPT_HIGH_CONF,KEEP_CANONICAL,False,14,0.0078081427774679,15,0.0072886297376093,5.8573869847880085,82.00341778703212,EXCLUDED,EVENT_SOURCE,IGNORE,NONE,(C97)Carnal Chaldea 4 (Fate/Grand Order),ミサカ12003,(C97) バビロニアダークネス (Fate/Grand Order),橘由宇,(C97)MOVE ON UP (Fate/Grand Order),じゃが山たらヲ,全彩 | 短篇 | 同人 | Fate | 純愛,ミサカ12003 | 橘由宇 | じゃが山たらヲ | あらくれ | 柳,fate / grand order | fate/stay night | fate: 士狼 | fate: 騎兵 rider,local tag semantics + example titles/authors,
肉食系,肉食系,肉食系,,IDENTITY_ROLE,人物身份、职业或社会角色,CORE,HIGH_PRECISION_ANCHOR,OK,True,high,ACCEPT_HIGH_CONF,KEEP_CANONICAL,False,13,0.007250418293363,13,0.0063168124392614,5.990918377412531,77.8819389063629,UNKNOWN,UNKNOWN,UNRESOLVED,PRIMARY,異世界転移した子供部屋おじさんがモテモテ主人公の取り巻き女全員をチ〇ポ奴隷にしてやりました。 異世界轉移的家裡蹲歐吉桑把帥哥勇者隊伍中的所有女性成員調教成為後宮奴隸了。 無修正 無碼,無洗米,果穂さんはおっきくてかわいい恋人を愛で尽くしたい丨果穗小姐想要尽情宠爱她高大可爱的恋人,花森玉子,もう一回、しよ 愛する夫のおちんぽで朝までパコられたい淫乱巨乳妻の律子さん,NYPAON,長篇 | 純愛 | 後宮閃光 | 單行本 | 姐姐系,無洗米 | 花森玉子 | NYPAON | ロケットモンキー | ゆにおし,,local tag semantics + example titles/authors,
手機操控 / APP,手機操控 / app,手機操控 / APP,,CONTROL_COERCION,控制、约束或非自愿情境标签,CORE,HIGH_PRECISION_ANCHOR,OK,True,high,ACCEPT_HIGH_CONF,KEEP_CANONICAL,False,13,0.007250418293363,13,0.0063168124392614,5.990918377412531,77.8819389063629,UNKNOWN,UNKNOWN,UNRESOLVED,PRIMARY,(サンクリ2020 Summer) 妹と(●●で)イチャイチャする本 [中国翻訳],karory,オーダーメイド (COMIC 快楽天ビースト 2021年7月号),kakao,オナホ合宿催眠ドスケベインタビュー・一発目と二発目!,どくろさん,全彩 | 短篇 | 妹妹系 | 後宮閃光 | 長篇,karory | kakao | どくろさん | paofan | ratatatat74,,local tag semantics + example titles/authors,
異世界,異世界,異世界,,GENRE_THEME,题材、类型或整体主题,CORE,SECONDARY_RECALL,OK,True,high,ACCEPT_HIGH_CONF,KEEP_CANONICAL,False,13,0.007250418293363,13,0.0063168124392614,5.990918377412531,77.8819389063629,UNKNOWN,UNKNOWN,UNRESOLVED,PRIMARY,異世界転移した子供部屋おじさんがモテモテ主人公の取り巻き女全員をチ〇ポ奴隷にしてやりました。 異世界轉移的家裡蹲歐吉桑把帥哥勇者隊伍中的所有女性成員調教成為後宮奴隸了。 無修正 無碼,無洗米,乙女ゲーム「クロ†ドラ ―黒い聖女と悪しき竜―」に異世界転生したけど無理ゲー、詰んだ。,田中鬼退治,種馬（救世主）として召喚された異世界でエルフママに甘やかされながらヤリまくる,旅口工路,長篇 | 純愛 | 後宮閃光 | 單行本 | 姐姐系,無洗米 | 田中鬼退治 | 旅口工路 | かに村えびお | 赤月みゅうと,,local tag semantics + example titles/authors,
窒息式性愛,窒息式性愛,窒息式性愛,,SEXUAL_BEHAVIOR,行为类内容标签,CORE,HIGH_PRECISION_ANCHOR,OK,True,high,ACCEPT_HIGH_CONF,KEEP_CANONICAL,False,13,0.007250418293363,13,0.0063168124392614,5.990918377412531,77.8819389063629,UNKNOWN,UNKNOWN,UNRESOLVED,PRIMARY,かわいそうなキミがいちばんカワイイ-犬系執着男子ハルくんのしつけ交尾-,うめこっぺ,頼れる俺の大好きな先輩が、ヤリチンによってメスにさせられる話。,うぶお,どうせ死ぬから、好きにして | 反正都都要死了，随你怎样罢,夜な夜な,長篇 | 全彩 | NTR | 短篇,うめこっぺ | うぶお | 夜な夜な | アルプス一万堂 | 楝蛙,,local tag semantics + example titles/authors,
AI作畫,ai作畫,AI作畫,,VISUAL_STYLE,画面表现或视觉风格,MODIFIER,MODIFIER_ONLY,OK,True,high,ACCEPT_HIGH_CONF,KEEP_CANONICAL,False,13,0.007250418293363,13,0.0063168124392614,5.990918377412531,77.8819389063629,UNKNOWN,UNKNOWN,UNRESOLVED,PRIMARY,催眠程式-下崽加速器Ⅰ 催●アプリで全員支配、妊娠適齢デカ乳美人おじさん赤ちゃん托卵中,パニックアメリカ,射爆忍村-木叶人妻会 催●おじさんに支配された山中家、托卵精子で家系図上書き妊娠中,パニックアメリカ,ハメ撮りしたら、彼女が寝取られました・・・ [DL版][AI生成][中国翻译],まいんがー,全彩 | 同人 | 短篇 | NTR | CG雜圖,パニックアメリカ | まいんがー | Paperhero | XMC,原神:雷電將軍 | 原神 | 原神:八重神子 | 原神:神裡綾華 | 原神:宵宮,local tag semantics + example titles/authors,
女僕裝,女僕裝,女僕裝,,APPEARANCE_OUTFIT,服装、配饰或造型,CORE,HIGH_PRECISION_ANCHOR,OK,True,high,ACCEPT_HIGH_CONF,KEEP_CANONICAL,False,13,0.007250418293363,13,0.0063168124392614,5.990918377412531,77.8819389063629,KNOWN,CHARACTER_IDENTITY_ROLE,CORE,PRIMARY,君が孕むまで限界突破セックス | 突破极限吧，一直做爱到怀上小宝宝为止,トネリ団,メスダチ総集編1+2｜雌友 總集篇 1+2   [中文] [DL版],Zトン,日焼け跡の娘と夫婦になったその夜、義母もうっかり孕ませてしまう夏,sage・ジョー,長篇 | 單行本 | 人妻 | 短篇,トネリ団 | Zトン | sage・ジョー | 森深雪,,local tag semantics + example titles/authors,
亂倫,亂倫,亂倫,,RELATIONSHIP,关系、亲属或年龄关系,CORE,HIGH_PRECISION_ANCHOR,OK,True,high,ACCEPT_HIGH_CONF,KEEP_CANONICAL,False,13,0.007250418293363,14,0.0068027210884353,5.92192550592558,76.98503157703253,UNKNOWN,UNKNOWN,UNRESOLVED,PRIMARY,(C105) ものがたりのように (オリジナル) [DL版][中国翻译],なかにしゆうた,放課後の優等生｜放學後的資優生 [中国翻訳] [DL版],笹森トモエ,おとうさんといっしょ (コミック エグゼ 10),翠野タヌキ,長篇 | 姐姐系 | 單行本 | 短篇 | 全彩,なかにしゆうた | 笹森トモエ | 翠野タヌキ | 蒟吉人 | 東西,,local tag semantics + example titles/authors,
人外,人外,人外,,SPECIES_FANTASY,物种、非人或幻想角色类型,CORE,HIGH_PRECISION_ANCHOR,OK,True,high,ACCEPT_HIGH_CONF,KEEP_CANONICAL,False,13,0.007250418293363,14,0.0068027210884353,5.92192550592558,76.98503157703253,UNKNOWN,UNKNOWN,UNRESOLVED,PRIMARY,敢這麼和我說話 你的媽是批發的? 私にこんな口聞いて、親ガチャ失敗したのか,カラスちゃん,艶飾夢 (Bloodborne) [中国語] [DL版],Aoin,龍神祈願 (COMIC 快楽天 2024年4月号),アシオミマサト,非人類 | 長篇 | 全彩 | 短篇,カラスちゃん | Aoin | アシオミマサト | ラブ | セガーレ井尻,,local tag semantics + example titles/authors,
逆推,逆推,逆推,,SEXUAL_BEHAVIOR,行为类内容标签,CORE,HIGH_PRECISION_ANCHOR,OK,True,high,ACCEPT_HIGH_CONF,KEEP_CANONICAL,False,13,0.007250418293363,15,0.0072886297376093,5.8573869847880085,76.14603080224411,UNKNOWN,UNKNOWN,UNRESOLVED,PRIMARY,2年E組全員淫魔 出席番号5番 穂仁原芽依の場合 | 2年级E班全班皆淫魔 学号5号穗仁原 芽依篇,呉マサヒロ,デリヘル呼んだら彼女の妹がやってきた | 呼叫应召女郎上门服务结果来的是女朋友的妹妹,まめでんきゅう,(C98)淫溺の令嬢5～冷たいくちづけ～ + 蜜瓜特典 [中国翻訳],クロエ,短篇 | 長篇 | NTR | 後宮閃光 | 純愛,呉マサヒロ | まめでんきゅう | クロエ | kakao | 水平線,,local tag semantics + example titles/authors,
旗袍,旗袍,旗袍,,APPEARANCE_OUTFIT,服装、配饰或造型,CORE,HIGH_PRECISION_ANCHOR,OK,True,high,ACCEPT_HIGH_CONF,KEEP_CANONICAL,False,13,0.007250418293363,15,0.0072886297376093,5.8573869847880085,76.14603080224411,UNKNOWN,UNKNOWN,UNRESOLVED,PRIMARY,"Cat,Rats&China Girls (COMIC快楽天ビースト 2020年2月号)",雛咲葉,親友の嫁×清楚系×剥奪寝取り ～健気な人妻が、強制服従中出しで孕まされるまで～,へちま工房,勝負のゆくえ! (COMIC BAVEL 2017年11月号) [無修正],美矢火,短篇 | 後宮閃光 | CG雜圖 | NTR | 人妻,雛咲葉 | へちま工房 | 美矢火 | アシオミマサト | すみやお,,local tag semantics + example titles/authors,
痴女,痴女,痴女,,IDENTITY_ROLE,人物身份、职业或社会角色,CORE,HIGH_PRECISION_ANCHOR,OK,True,high,ACCEPT_HIGH_CONF,KEEP_CANONICAL,False,13,0.007250418293363,17,0.0082604470359572,5.739603949131625,74.61485133871112,UNKNOWN,UNKNOWN,UNRESOLVED,PRIMARY,VictimGirls Compiled Vol.1 -Victimgirls総集編1- MMO Game Selection (よろず),朝凪,欲望トレイン (COMIC BAVEL 2020年3月号) [中国翻訳] [DL版],宏式,宅配マッチング (アクションピザッツ 2022年8月号) [中国翻訳] [DL版],シオマネキ,長篇 | 強暴 | 單行本 | 短篇 | 純愛,朝凪 | 宏式 | シオマネキ | utu | 春輝,,local tag semantics + example titles/authors,
凌辱,凌辱,凌辱,,STORY_TROPE,叙事套路或剧情关系主题,CORE,HIGH_PRECISION_ANCHOR,OK,True,high,ACCEPT_HIGH_CONF,KEEP_CANONICAL,False,12,0.0066926938092582,14,0.0068027210884353,5.92192550592558,71.06310607110696,UNKNOWN,UNKNOWN,UNRESOLVED,PRIMARY,ワカラセ総集編～終わらない悪夢と溺れるオンナたち～＋新規描き下ろし漫画２１ページ[中国翻译],むうつき、雪仁,乙女ゲーム「クロ†ドラ ―黒い聖女と悪しき竜―」に異世界転生したけど無理ゲー、詰んだ。,田中鬼退治,ホームレス村 l-ll [DL版][中国翻訳廣東話版],ひっさつくん,長篇 | 強暴 | NTR | 全彩 | 短篇,むうつき、雪仁 | 田中鬼退治 | ひっさつくん | るび様 | 木静謙二,,local tag semantics + example titles/authors,
深喉,深喉,深喉,,SEXUAL_BEHAVIOR,行为类内容标签,CORE,HIGH_PRECISION_ANCHOR,OK,True,high,ACCEPT_HIGH_CONF,KEEP_CANONICAL,False,12,0.0066926938092582,14,0.0068027210884353,5.92192550592558,71.06310607110696,UNKNOWN,UNKNOWN,UNRESOLVED,PRIMARY,おねがい♥ティーチャー (コミックジェシカ Vol.9) [中国翻訳] [DL版],じぇいく,(C98)淫溺の令嬢5～冷たいくちづけ～ + 蜜瓜特典 [中国翻訳],クロエ,クール系人妻OLネトラレ日記 | 高冷系人妻OL的NTR日记,モナリザ,短篇 | NTR | 長篇 | 姐姐系,じぇいく | クロエ | モナリザ | 井藤ななみ | しぷおる,,local tag semantics + example titles/authors,
夫妻,夫妻,夫妻,,RELATIONSHIP,关系、亲属或年龄关系,CORE,HIGH_PRECISION_ANCHOR,OK,True,high,ACCEPT_HIGH_CONF,KEEP_CANONICAL,False,11,0.0061349693251533,11,0.0053449951409135,6.145069057239789,67.59575962963768,UNKNOWN,UNKNOWN,UNRESOLVED,PRIMARY,記念日。 (コミックホットミルク 2019年12月号) [中国翻訳] [DL版],じょろり,ちょっとMでドスケベで + メロンブックス限定小冊子 キャラクタープロット集,もじゃりん,ドハマリするほど気持ちイイ！純朴夫婦とヤリチンカップルのスワッピング温泉,阿部いのり,短篇 | 純愛 | 單行本 | 長篇 | 人妻,じょろり | もじゃりん | 阿部いのり | 立花オミナ | 鳥居ヨシツナ,,local tag semantics + example titles/authors,
義母,義母,義母,,RELATIONSHIP,关系、亲属或年龄关系,CORE,HIGH_PRECISION_ANCHOR,OK,True,high,ACCEPT_HIGH_CONF,KEEP_CANONICAL,False,11,0.0061349693251533,11,0.0053449951409135,6.145069057239789,67.59575962963768,UNKNOWN,UNKNOWN,UNRESOLVED,PRIMARY,窓の椿-保護者だったはずの私はいま隣の子とスケベに身体を重ね合っている-,sage・ジョー,父が再婚した新しいママは、中出しOKのドスケベ爆乳ママでした,わさびどん,絶賛配信中ッ義母肉便器計画! 第1，2話 [中国翻訳],牧だいきち,同人 | 人妻 | NTR | 短篇 | 長篇,sage・ジョー | わさびどん | 牧だいきち | Nanaoななお,,local tag semantics + example titles/authors,
C104,c104,C104,,PUBLICATION_EVENT,展会/场次/发布事件来源,IGNORE,EXCLUDE,OK,False,high,ACCEPT_HIGH_CONF,KEEP_CANONICAL,False,11,0.0061349693251533,11,0.0053449951409135,6.145069057239789,67.59575962963768,EXCLUDED,EVENT_SOURCE,IGNORE,NONE,魔物栖息之所 时隔6年再会被已经变成家里蹲的朋友的姐姐要挟然后被榨取精液的故事,桃雲,ラブメイド - 優しくてあまあまな巨乳エロメイドさんとセックスしまくるお話,Blue_Gk,朝香の休日 (ラブライブ!虹ヶ咲学園スクールアイドル同好会),あるぷ,短篇 | 長篇 | 同人 | Love Live | NTR,桃雲 | Blue_Gk | あるぷ | MAKOTO | あらくれ,lovelive | 偶像大師 | 偶像大師 閃耀色彩,local tag semantics + example titles/authors,
運動短褲,運動短褲,運動短褲,,APPEARANCE_OUTFIT,服装、配饰或造型,CORE,HIGH_PRECISION_ANCHOR,OK,True,high,ACCEPT_HIGH_CONF,KEEP_CANONICAL,False,11,0.0061349693251533,12,0.0058309037900874,6.065026349566253,66.71528984522878,UNKNOWN,UNKNOWN,UNRESOLVED,PRIMARY,高身長バレー部の清楚系彼女が先輩のモノになってしまう一部始終 2 | 高身材排球部清纯系女友变成了前辈的东西的全过程2,丸新,陸上部のボクっ娘同級生が中年顧問にメスにされる一部始終 | 田径部的女汉子同级生被中年顾问雌性化的全过程,丸新,高嶺家の二輪花 ~lily~ (コミック エグゼ 13) [中国翻訳] [DL版],黒ノ樹,長篇 | NTR | 短篇 | 純愛 | 後宮閃光,丸新 | 黒ノ樹 | あるぷ | 真夜中足穂,lovelive! sunshine!!,local tag semantics + example titles/authors,
C94,c94,C94,,PUBLICATION_EVENT,展会/场次/发布事件来源,IGNORE,EXCLUDE,OK,False,high,ACCEPT_HIGH_CONF,KEEP_CANONICAL,False,11,0.0061349693251533,12,0.0058309037900874,6.065026349566253,66.71528984522878,EXCLUDED,EVENT_SOURCE,IGNORE,NONE,(C94)  檻の中のイリヤちゃん ～ザ・ビースト～ (Fate⁄kaleid liner プリズマ☆イリヤ) [全彩],スギユウ,(C94) アイドルなら性交渉の心得くらいあるべきだと思うよ恋鐘ちゃん (アイドルマスターシャイニーカラーズ),丸新,(C94) LOVELESS (Fate/Grand Order),じゃが山たらヲ,短篇 | 同人 | 全彩 | Fate | CG雜圖,スギユウ | 丸新 | じゃが山たらヲ | ましゅー | あるぷ,偶像大師 | fate / grand order | lovelive! sunshine!!,local tag semantics + example titles/authors,
角色扮演,角色扮演,角色扮演,,APPEARANCE_OUTFIT,服装、配饰或造型,CORE,HIGH_PRECISION_ANCHOR,OK,True,high,ACCEPT_HIGH_CONF,KEEP_CANONICAL,False,10,0.0055772448410485,10,0.0048590864917395,6.2320804342294185,62.32080434229418,UNKNOWN,UNKNOWN,UNRESOLVED,PRIMARY,巨乳が2人いないと勃起しない夫のために友達を連れてきた妻総集編｜為了沒有兩個巨乳就無法勃起的丈夫妻子帶來了自己的朋友總集篇 [中国翻訳] [無修正] [DL版],立花オミナ,ぽるこれ カースト上位のあの子は実は淫乱ドスケベ痴女-総集編- | 春色收藏 身为同龄人婆罗门的她其实是荒淫无度的痴女-总集篇-,パイレーツキャット,新妻編集月本(旧姓)さん (COMIC 快楽天 2018年3月号) [Digital],みちきんぐ,長篇 | 後宮閃光 | 單行本 | 同人 | 短篇,立花オミナ | パイレーツキャット | みちきんぐ | 笹森トモエ | 雛咲葉,,local tag semantics + example titles/authors,
偶像大師灰姑娘,偶像大師灰姑娘,偶像大師灰姑娘,,FANDOM_IP,作品、游戏、动画或系列IP,CORE,HIGH_PRECISION_ANCHOR,OK,True,high,ACCEPT_HIGH_CONF,KEEP_CANONICAL,False,10,0.0055772448410485,10,0.0048590864917395,6.2320804342294185,62.32080434229418,KNOWN,FANDOM_IP,CORE,PRIMARY,メイド美波のご奉仕フルコース (THE IDOLM@STER CINDERELLA GIRLS),ぐすたふ,(C100)  オトナのせいにして (アイドルマスター シンデレラガールズ) [中国翻訳],ぐすたふ,メイド主従ラバーズ (アイドルマスター シンデレラガールズ) [中国翻訳] [DL版],ぐすたふ,同人 | 短篇 | 足の恋 | 純愛 | 長篇,ぐすたふ | Sian,偶像大師灰姑娘 | 偶像大師,local tag semantics + example titles/authors,
C106,c106,C106,,PUBLICATION_EVENT,展会/场次/发布事件来源,IGNORE,EXCLUDE,OK,False,high,ACCEPT_HIGH_CONF,KEEP_CANONICAL,False,10,0.0055772448410485,10,0.0048590864917395,6.2320804342294185,62.32080434229418,EXCLUDED,EVENT_SOURCE,IGNORE,NONE,婚約者の妹は顔SSR、性格最悪地獄のエロダンス女。 | 未婚妻的妹妹是颜值SSR、性格烂到极点的擦边舞女孩。,印度カリー,夏と田舎と誘惑してくるでっかい教え子3  | 夏天、乡下和不停诱惑我的巨乳学生 3,神毛物由宇,恋した姪は、いつも日陰で交尾する。 | 在见不得人处与相恋的侄女日日交欢。,しゅる版,長篇 | NTR | 短篇 | 姐姐系 | 純愛,印度カリー | 神毛物由宇 | しゅる版 | ミサカ12003 | 夜な夜な,fate / grand order,local tag semantics + example titles/authors,
搞笑,搞笑,搞笑,,GENRE_THEME,题材、类型或整体主题,CORE,SECONDARY_RECALL,OK,True,high,ACCEPT_HIGH_CONF,KEEP_CANONICAL,False,10,0.0055772448410485,11,0.0053449951409135,6.145069057239789,61.45069057239789,UNKNOWN,UNKNOWN,UNRESOLVED,PRIMARY,射爆忍村-木叶人妻会 催●おじさんに支配された山中家、托卵精子で家系図上書き妊娠中,パニックアメリカ,おいなりさん (コミックゼロス #85) [中国翻訳] [DL版],flanvia,巫恋的入职体检 (明日方舟) [中国語],saluky,全彩 | 同人 | 短篇 | 非人類 | 純愛,パニックアメリカ | flanvia | saluky | 史鬼匠人 | ちぃま,,local tag semantics + example titles/authors,
巨根,巨根,巨根,,BODY_ATTRIBUTE,身体或解剖属性,CORE,HIGH_PRECISION_ANCHOR,OK,True,high,ACCEPT_HIGH_CONF,KEEP_CANONICAL,False,10,0.0055772448410485,11,0.0053449951409135,6.145069057239789,61.45069057239789,UNKNOWN,UNKNOWN,UNRESOLVED,PRIMARY,おねがい♥ティーチャー (コミックジェシカ Vol.9) [中国翻訳] [DL版],じぇいく,ワイルド式日本人妻の寝取り方 総集編,黒巣ガタリ,美女と野獣 〜ギャルとキモオタ〜,エノキドォ,短篇 | NTR | 人妻 | 長篇,じぇいく | 黒巣ガタリ | エノキドォ | 犬 | パイレーツキャット,,local tag semantics + example titles/authors,
奴隸,奴隸,奴隸,,CONTROL_COERCION,控制、约束或非自愿情境标签,CORE,HIGH_PRECISION_ANCHOR,OK,True,high,ACCEPT_HIGH_CONF,KEEP_CANONICAL,False,10,0.0055772448410485,11,0.0053449951409135,6.145069057239789,61.45069057239789,UNKNOWN,UNKNOWN,UNRESOLVED,PRIMARY,異世界転移した子供部屋おじさんがモテモテ主人公の取り巻き女全員をチ〇ポ奴隷にしてやりました。 異世界轉移的家裡蹲歐吉桑把帥哥勇者隊伍中的所有女性成員調教成為後宮奴隸了。 無修正 無碼,無洗米,異世界転移!ゴブリンに孕み袋として犯される日々,テツナ,魅惑的なお前が悪い | 魅惑的你使我犯了错,夜な夜な,長篇 | 純愛 | 後宮閃光 | 單行本 | 姐姐系,無洗米 | テツナ | 夜な夜な | もり苔 | wawax,,local tag semantics + example titles/authors,
義妹,義妹,義妹,,RELATIONSHIP,关系、亲属或年龄关系,CORE,HIGH_PRECISION_ANCHOR,OK,True,high,ACCEPT_HIGH_CONF,KEEP_CANONICAL,False,10,0.0055772448410485,11,0.0053449951409135,6.145069057239789,61.45069057239789,UNKNOWN,UNKNOWN,UNRESOLVED,PRIMARY,シスターブリーディング2 義妹・月宮みらい アオカン調教編 [DL版],ぬんぬ,シスターブリーディング義妹·月宮せつなおしおきエッチ編[DL版],ぬんぬ,俺のARメガネは義妹の様々な数値が見える?！(総集編+後日談),pz-x,短篇 | 妹妹系 | 全彩 | 長篇 | 純愛,ぬんぬ | pz-x | kakao | 赤薄紅,,local tag semantics + example titles/authors,
獸人,獸人,獸人,,SPECIES_FANTASY,物种、非人或幻想角色类型,CORE,HIGH_PRECISION_ANCHOR,OK,True,high,ACCEPT_HIGH_CONF,KEEP_CANONICAL,False,10,0.0055772448410485,11,0.0053449951409135,6.145069057239789,61.45069057239789,KNOWN,GENRE_SETTING,SECONDARY,PRIMARY,妖精娼館 3号室レイシー 〜褐色肌エルフを指名した童貞オーク〜 1 | 精灵妓院 3号技师蕾西～指名了褐色肌肤精灵的处男兽人先生～ 1,煎茶柱、麥茶柱,(C94) 頼光さんはゴブリンに負けました,なしぱすた,淫らなエルフさんはオークくんがお好き2,一ノ瀬ランド,短篇 | 非人類 | 同人 | Fate | NTR,煎茶柱、麥茶柱 | なしぱすた | 一ノ瀬ランド | スギユウ,fate / grand order,local tag semantics + example titles/authors,
顔面騎乗,顔面騎乗,顔面騎乗,,SEXUAL_BEHAVIOR,行为类内容标签,CORE,HIGH_PRECISION_ANCHOR,OK,True,high,ACCEPT_HIGH_CONF,KEEP_CANONICAL,False,10,0.0055772448410485,11,0.0053449951409135,6.145069057239789,61.45069057239789,KNOWN,FETISH_TROPE,CORE,PRIMARY,少子化対策未来庁 ━ 小野田 光編 ━ チン媚びボディ面接官達のドスケベ誘惑面接〜金玉が空になるまで搾られました〜,KeinV,3ギャル〜超巨根オタク君の中出しSEXでメロメロにされちゃうギャル3人組の話〜,ie,シスターガーデン 姉の膣内に射精して、妹の膣内にも射精した。,あおやまきいろ。,長篇 | 單行本 | 姐姐系 | 妹妹系 | 後宮閃光,KeinV | ie | あおやまきいろ。 | 立花オミナ | karory,,local tag semantics + example titles/authors,
C93,c93,C93,,PUBLICATION_EVENT,展会/场次/发布事件来源,IGNORE,EXCLUDE,OK,False,high,ACCEPT_HIGH_CONF,KEEP_CANONICAL,False,10,0.0055772448410485,11,0.0053449951409135,6.145069057239789,61.45069057239789,EXCLUDED,EVENT_SOURCE,IGNORE,NONE,(C93) Fate Gentle Order 2 (Fate Grand Order),MANA,(C93) こんなにも愛おしい1.75 (アイドルマスター シンデレラガールズ),Nohito,(C93) その日 勇者は敗れた (ドラゴンクエストXI),Sian,同人 | 全彩 | 短篇 | Fate | 非人類,MANA | Nohito | Sian | 呉マサヒロ,fate / grand order,local tag semantics + example titles/authors,
大小姐,大小姐,大小姐,,IDENTITY_ROLE,人物身份、职业或社会角色,CORE,HIGH_PRECISION_ANCHOR,OK,True,high,ACCEPT_HIGH_CONF,KEEP_CANONICAL,False,10,0.0055772448410485,12,0.0058309037900874,6.065026349566253,60.65026349566253,UNKNOWN,UNKNOWN,UNRESOLVED,PRIMARY,それゆけ、エロバカお嬢様! ～セレブの私がデカチン庶民を手籠めにするのは当然です!～,ガガーリン吉、パピコロ,姉体験女学寮 ～Limited Edition～ 限定版 薄碼版 含特典,みちきんぐ,(C98)淫溺の令嬢5～冷たいくちづけ～ + 蜜瓜特典 [中国翻訳],クロエ,短篇 | 長篇 | 純愛 | 後宮閃光 | 單行本,ガガーリン吉、パピコロ | みちきんぐ | クロエ | 雛咲葉 | paofan,,local tag semantics + example titles/authors,
精子浴,精子浴,精子浴,,SEXUAL_BEHAVIOR,行为类内容标签,CORE,HIGH_PRECISION_ANCHOR,OK,True,high,ACCEPT_HIGH_CONF,KEEP_CANONICAL,False,10,0.0055772448410485,12,0.0058309037900874,6.065026349566253,60.65026349566253,UNKNOWN,UNKNOWN,UNRESOLVED,PRIMARY,異世界転移した子供部屋おじさんがモテモテ主人公の取り巻き女全員をチ〇ポ奴隷にしてやりました。 異世界轉移的家裡蹲歐吉桑把帥哥勇者隊伍中的所有女性成員調教成為後宮奴隸了。 無修正 無碼,無洗米,だらしなく堕ちるお姉さんは好きですか? (コミック エグゼ 24) [中国翻訳] [DL版],なしぱすた,ぬちゃぬるアルトリア (Fate/Grand Order) [DL版],キャンベル議長,長篇 | 純愛 | 後宮閃光 | 單行本 | 姐姐系,無洗米 | なしぱすた | キャンベル議長 | 袁藤冲人 | 橘由宇,fate / grand order,local tag semantics + example titles/authors,
哥布林,哥布林,哥布林,,SPECIES_FANTASY,物种、非人或幻想角色类型,CORE,HIGH_PRECISION_ANCHOR,OK,True,high,ACCEPT_HIGH_CONF,KEEP_CANONICAL,False,9,0.0050195203569436,9,0.0043731778425655,6.327390614033744,56.9465155263037,UNKNOWN,UNKNOWN,UNRESOLVED,PRIMARY,VictimGirls Compiled Vol.1 -Victimgirls総集編1- MMO Game Selection (よろず),朝凪,ぬちゃぬるアルトリア (Fate/Grand Order) [DL版],キャンベル議長,(COMIC1☆17) ボツ漫画「可愛い奥様」のご供養まとめ本+α,貂,長篇 | 強暴 | 單行本 | 短篇 | 同人,朝凪 | キャンベル議長 | 貂 | KeinV | テツナ,fate / grand order,local tag semantics + example titles/authors,
黑辣妹,黑辣妹,黑辣妹,,APPEARANCE_TRAIT,外貌、发型、肤色或体型特征,CORE,HIGH_PRECISION_ANCHOR,OK,True,high,ACCEPT_HIGH_CONF,KEEP_CANONICAL,False,9,0.0050195203569436,9,0.0043731778425655,6.327390614033744,56.9465155263037,UNKNOWN,UNKNOWN,UNRESOLVED,PRIMARY,日焼け跡の娘と夫婦になったその夜、義母もうっかり孕ませてしまう夏プラス | 和带有晒痕的少女成为夫妇的那一晚，由于一念之差让岳母怀孕的夏天2,sage・ジョー,催眠コンビニ アナタと交尾で孕みーマート /催眠便利商店 和你交尾然后受孕超市 [無修正] [中国翻译] [進行中],満開開花,ギャルとめっちゃ生ハメ中出しえっちするハナシ #1-6,西沢みずき,長篇 | 後宮閃光 | 全彩 | CG雜圖 | 短篇,sage・ジョー | 満開開花 | 西沢みずき | にぎりうさぎ | ゆにおし,,local tag semantics + example titles/authors,
緊身衣,緊身衣,緊身衣,,APPEARANCE_OUTFIT,服装、配饰或造型,CORE,HIGH_PRECISION_ANCHOR,OK,True,high,ACCEPT_HIGH_CONF,KEEP_CANONICAL,False,9,0.0050195203569436,9,0.0043731778425655,6.327390614033744,56.9465155263037,UNKNOWN,UNKNOWN,UNRESOLVED,PRIMARY,高嶺家の二輪花 ~lily~ (コミック エグゼ 13) [中国翻訳] [DL版],黒ノ樹,幻角兎の飼い主 (異世快楽天 Vol.29&30) | 幻角兔與她的主人,Croriin,(C97)MOVE ON UP (Fate/Grand Order),じゃが山たらヲ,短篇 | 純愛 | 後宮閃光 | 姐姐系 | 同人,黒ノ樹 | Croriin | じゃが山たらヲ | chin | 加瀬大輝,fate / grand order,local tag semantics + example titles/authors,
明日方舟,明日方舟,明日方舟,,FANDOM_IP,作品、游戏、动画或系列IP,CORE,HIGH_PRECISION_ANCHOR,OK,True,high,ACCEPT_HIGH_CONF,KEEP_CANONICAL,False,9,0.0050195203569436,9,0.0043731778425655,6.327390614033744,56.9465155263037,UNKNOWN,UNKNOWN,UNRESOLVED,PRIMARY,肉欲蜜乳~高赞榨精系综漫性交合集（明日方舟·原神等H）,Dodok,[Pixiv] 阿戈魔AGM (20670939),阿戈魔AGM,被修改常识与时间停止的罗德岛妓院（明日方舟同人H）,paofan,CG雜圖 | 同人 | 長篇 | 強暴 | NTR,Dodok | 阿戈魔AGM | paofan | くらろめ | 絞肉姬Walküre,原神 | 崩壞:星穹鐵道,local tag semantics + example titles/authors,
人外娘,人外娘,人外娘,,SPECIES_FANTASY,物种、非人或幻想角色类型,CORE,HIGH_PRECISION_ANCHOR,OK,True,high,ACCEPT_HIGH_CONF,KEEP_CANONICAL,False,9,0.0050195203569436,9,0.0043731778425655,6.327390614033744,56.9465155263037,UNKNOWN,UNKNOWN,UNRESOLVED,PRIMARY,龍神祈願 (COMIC 快楽天 2024年4月号),アシオミマサト,俺の師匠は性欲処理の上手い無感情スライム剣聖,ラブ,COMIC BAVEL 2024年5月号,多人,短篇 | 非人類 | 單行本 | 長篇,アシオミマサト | ラブ | 多人 | 太平さんせっと | GEN,,local tag semantics + example titles/authors,
小惡魔,小惡魔,小惡魔,,IDENTITY_ROLE,人物身份、职业或社会角色,CORE,HIGH_PRECISION_ANCHOR,OK,True,high,ACCEPT_HIGH_CONF,KEEP_CANONICAL,False,9,0.0050195203569436,9,0.0043731778425655,6.327390614033744,56.9465155263037,UNKNOWN,UNKNOWN,UNRESOLVED,PRIMARY,(C98)淫溺の令嬢5～冷たいくちづけ～ + 蜜瓜特典 [中国翻訳],クロエ,milking♥ + とらのあなリーフレット [中国翻訳][无修正],朝峰テル,おねだりツインズ (COMIC快楽天ビースト 2020年6月号),kakao,NTR | 長篇 | 單行本 | 短篇 | 後宮閃光,クロエ | 朝峰テル | kakao | みちきんぐ | ちょりもっき,,local tag semantics + example titles/authors,
腋交,腋交,腋交,,SEXUAL_BEHAVIOR,行为类内容标签,CORE,HIGH_PRECISION_ANCHOR,OK,True,high,ACCEPT_HIGH_CONF,KEEP_CANONICAL,False,9,0.0050195203569436,9,0.0043731778425655,6.327390614033744,56.9465155263037,UNKNOWN,UNKNOWN,UNRESOLVED,PRIMARY,競泳先輩に抜いてもらう (COMIC アンスリウム 2022年9月号) [DL版],エノキドォ,ジョウネツの罠 (Fate/Grand Order),ケオヤ,富豪一族のムコ 〜妻以外全員オレの女〜,江森うき,短篇 | 純愛 | 同人 | 強暴 | NTR,エノキドォ | ケオヤ | 江森うき | 井雲くす | 呉マサヒロ,fate / grand order,local tag semantics + example titles/authors,
舌吻,舌吻,舌吻,,SEXUAL_BEHAVIOR,行为类内容标签,CORE,HIGH_PRECISION_ANCHOR,OK,True,high,ACCEPT_HIGH_CONF,KEEP_CANONICAL,False,9,0.0050195203569436,9,0.0043731778425655,6.327390614033744,56.9465155263037,KNOWN,CONTENT_BEHAVIOR,CORE,PRIMARY,魔物栖息之所 时隔6年再会被已经变成家里蹲的朋友的姐姐要挟然后被榨取精液的故事,桃雲,魅惑的なお前が悪い | 魅惑的你使我犯了错,夜な夜な,HOME娘って、どぅ？ -由比ヶ浜マ-,遠海はるか,短篇 | 全彩 | 同人 | 長篇,桃雲 | 夜な夜な | 遠海はるか | ましゅー | 桜湯ハル,,local tag semantics + example titles/authors,
魔王 / 勇者,魔王 / 勇者,魔王 / 勇者,,IDENTITY_ROLE,人物身份、职业或社会角色,CORE,HIGH_PRECISION_ANCHOR,OK,True,high,ACCEPT_HIGH_CONF,KEEP_CANONICAL,False,9,0.0050195203569436,10,0.0048590864917395,6.2320804342294185,56.088723908064765,UNKNOWN,UNKNOWN,UNRESOLVED,PRIMARY,美龙艳笑谭～自我肯定感超低的龙级美少女魔王、勇者用爱将其击败的故事～/美龍艶笑譚～自己肯定感が激低なドラゴン級美少女魔王を、勇者がイチャラブで退治するお話～至2.2话,"ブラック木蓮,郊外の某",お前のような魔王がいるか！！ (COMIC アンスリウム 2021年5月号),染岡ゆすら,レベル1 (コミックアンリアル 2017年2月号 Vol.65),甘蜜こうすけ,禁書目錄 | 長篇 | 非人類 | 短篇 | CG雜圖,"ブラック木蓮,郊外の某 | 染岡ゆすら | 甘蜜こうすけ | 愉月綴 | 立花オミナ",,local tag semantics + example titles/authors,
無口,無口,無口,,IDENTITY_ROLE,人物身份、职业或社会角色,CORE,HIGH_PRECISION_ANCHOR,OK,True,high,ACCEPT_HIGH_CONF,KEEP_CANONICAL,False,9,0.0050195203569436,10,0.0048590864917395,6.2320804342294185,56.088723908064765,UNKNOWN,UNKNOWN,UNRESOLVED,PRIMARY,異世界ハーレムパラダイス  異世界淫亂後宮的性愛天堂 更新完結篇,赤月みゅうと,めるてぃーりみっと 融流濕黏到極限 新增薄碼版,あるぷ,彼女と僕の交配の話。 女友與我的交配淫事,シオロク,長篇 | 純愛 | 後宮閃光 | 單行本 | 姐姐系,赤月みゅうと | あるぷ | シオロク | 楝蛙 | ビフィダス,,local tag semantics + example titles/authors,
FGO,fgo,Fate / Grand Order,,FANDOM_IP,作品、游戏、动画或系列IP,CORE,HIGH_PRECISION_ANCHOR,OK,True,high,ACCEPT_HIGH_CONF,MERGE_ALIAS,False,9,0.0050195203569436,10,0.0048590864917395,6.2320804342294185,56.088723908064765,UNKNOWN,UNKNOWN,UNRESOLVED,PRIMARY,(COMIC1☆12) FALLEN SAINT (Fate/Grand Order),あるぷ,Carnal Chaldea 8 (Fate/Grand Order),ミサカ12003,Carnal Chaldea 7 (Fate/Grand Order),ミサカ12003,同人 | 短篇 | Fate | 全彩 | CG雜圖,あるぷ | ミサカ12003 | じゃが山たらヲ | ましゅー,fate / grand order,local tag semantics + example titles/authors,
啦啦隊,啦啦隊,啦啦隊,,APPEARANCE_OUTFIT,服装、配饰或造型,CORE,HIGH_PRECISION_ANCHOR,OK,True,high,ACCEPT_HIGH_CONF,KEEP_CANONICAL,False,8,0.0044617958728388,8,0.0038872691933916,6.43275112969157,51.46200903753256,UNKNOWN,UNKNOWN,UNRESOLVED,PRIMARY,VictimGirls Compiled Vol.1 -Victimgirls総集編1- MMO Game Selection (よろず),朝凪,寝取られた爆乳ブロンド妻エレナ ―大和撫子に憧れてたらオナホ撫子になってましたw―,ガガーリン吉,オナホ合宿催眠ドスケベインタビュー・一発目と二発目!,どくろさん,長篇 | 強暴 | 單行本 | 人妻 | NTR,朝凪 | ガガーリン吉 | どくろさん | 加瀬大輝 | 黒巣ガタリ,,local tag semantics + example titles/authors,
連身假陽具,連身假陽具,連身假陽具,,SEXUAL_BEHAVIOR,行为类内容标签,CORE,HIGH_PRECISION_ANCHOR,OK,True,high,ACCEPT_HIGH_CONF,KEEP_CANONICAL,False,8,0.0044617958728388,8,0.0038872691933916,6.43275112969157,51.46200903753256,UNKNOWN,UNKNOWN,UNRESOLVED,PRIMARY,スキル強化解禁 + OrangeMaru Special 04 (Fate/Grand Order),YD,ワカラセ総集編～終わらない悪夢と溺れるオンナたち～＋新規描き下ろし漫画２１ページ[中国翻译],むうつき、雪仁,[Pixiv] 僵僵僵酱 (9565067),僵僵僵酱,全彩 | 短篇 | 同人 | 後宮閃光 | Fate,YD | むうつき、雪仁 | 僵僵僵酱 | 江森うき,fate / grand order | 原神:雷電將軍 | 原神,local tag semantics + example titles/authors,
魔女,魔女,魔女,,SPECIES_FANTASY,物种、非人或幻想角色类型,CORE,HIGH_PRECISION_ANCHOR,OK,True,high,ACCEPT_HIGH_CONF,KEEP_CANONICAL,False,8,0.0044617958728388,8,0.0038872691933916,6.43275112969157,51.46200903753256,UNKNOWN,UNKNOWN,UNRESOLVED,PRIMARY,異世界転移した子供部屋おじさんがモテモテ主人公の取り巻き女全員をチ〇ポ奴隷にしてやりました。 異世界轉移的家裡蹲歐吉桑把帥哥勇者隊伍中的所有女性成員調教成為後宮奴隸了。 無修正 無碼,無洗米,雑貨屋を営む俺と毎日店に通う小さいフェネック種のお姉さんシリーズ｜开杂货店的我与每天来光顾的小型狐族姐姐 [中国翻译],犬魔人,比羅坂日菜子がエロかわいいことを俺だけが知っている／比羅坂日菜子發情超可愛這件事只有我知道 1-44话,绀矢ユキオ,長篇 | 純愛 | 後宮閃光 | 單行本 | 姐姐系,無洗米 | 犬魔人 | 绀矢ユキオ | 袁藤冲人 | 雛咲葉,,local tag semantics + example titles/authors,
義姐,義姐,義姐,,RELATIONSHIP,关系、亲属或年龄关系,CORE,HIGH_PRECISION_ANCHOR,OK,True,high,ACCEPT_HIGH_CONF,KEEP_CANONICAL,False,8,0.0044617958728388,8,0.0038872691933916,6.43275112969157,51.46200903753256,UNKNOWN,UNKNOWN,UNRESOLVED,PRIMARY,合格祝いの筆おろし交尾でキンタマ空っぽにしてくれる爆乳義姉,NYPAON,生活も貞操観念もだらしない義姉にヤらせてもらう,わかまつ,義理の姉との7日間生活-1-7 [中国翻訳],せなか,姐姐系 | 全彩 | 短篇 | 長篇 | 純愛,NYPAON | わかまつ | せなか | ゆにおし | 呉マサヒロ,,local tag semantics + example titles/authors,
淫魔/夢魔,淫魔/夢魔,淫魔/夢魔,,SPECIES_FANTASY,物种、非人或幻想角色类型,CORE,HIGH_PRECISION_ANCHOR,OK,True,high,ACCEPT_HIGH_CONF,KEEP_CANONICAL,False,8,0.0044617958728388,8,0.0038872691933916,6.43275112969157,51.46200903753256,UNKNOWN,UNKNOWN,UNRESOLVED,PRIMARY,サキュバステードライフ 和小惡魔 同居的性生活 單行本版本,笹森トモエ,あくまでメイド。2 -sloth- 怠惰,神代竜,ヤリこみサーガ～異世界性活記～,Croriin,長篇 | 短篇 | 純愛 | 後宮閃光 | 單行本,笹森トモエ | 神代竜 | Croriin | じょろり | あるぷ,,local tag semantics + example titles/authors,
幽靈,幽靈,幽靈,,SPECIES_FANTASY,物种、非人或幻想角色类型,CORE,HIGH_PRECISION_ANCHOR,OK,True,high,ACCEPT_HIGH_CONF,KEEP_CANONICAL,False,8,0.0044617958728388,8,0.0038872691933916,6.43275112969157,51.46200903753256,UNKNOWN,UNKNOWN,UNRESOLVED,PRIMARY,事故物件×留学生～四畳半の不可思議な情事～,露々々木もげら,人身供犠!!ビッチちゃん (オリジナル),露々々木もげら,COMIC BAVEL 2025年2月号,多人,長篇 | CG雜圖 | 全彩 | 短篇 | 單行本,露々々木もげら | 多人 | ぽち。,,local tag semantics + example titles/authors,
C102,c102,C102,,PUBLICATION_EVENT,展会/场次/发布事件来源,IGNORE,EXCLUDE,OK,False,high,ACCEPT_HIGH_CONF,KEEP_CANONICAL,False,8,0.0044617958728388,8,0.0038872691933916,6.43275112969157,51.46200903753256,EXCLUDED,EVENT_SOURCE,IGNORE,NONE,近江の休日 (ラブライブ!虹ヶ咲学園スクールアイドル同好会),あるぷ,シスターマーガレットの受難 [中国翻訳],ヘリを,雌ノ宿〜妻ハ乱レ穢サレル〜,雨あられ,Love Live | 同人 | 長篇 | NTR | 人妻,あるぷ | ヘリを | 雨あられ | 日向恭介 | ぽち。,lovelive,local tag semantics + example titles/authors,
C105,c105,C105,,PUBLICATION_EVENT,展会/场次/发布事件来源,IGNORE,EXCLUDE,OK,False,high,ACCEPT_HIGH_CONF,KEEP_CANONICAL,False,8,0.0044617958728388,8,0.0038872691933916,6.43275112969157,51.46200903753256,EXCLUDED,EVENT_SOURCE,IGNORE,NONE,(C105) ものがたりのように (オリジナル) [DL版][中国翻译],なかにしゆうた,ボクが性処理ペットに堕ちるまで-言いなりギャルとNTRギャルと,平つくね,让我来教你吧♥〜巨乳美人大姐姐和落榜生的我〇〇〇的故事・前篇〜,パイレーツキャット,長篇 | 姐姐系 | NTR | 短篇,なかにしゆうた | 平つくね | パイレーツキャット | あるぷ | 朝峰テル,,local tag semantics + example titles/authors,
古裝,古裝,古裝,,GENRE_THEME,题材、类型或整体主题,CORE,SECONDARY_RECALL,OK,True,high,ACCEPT_HIGH_CONF,KEEP_CANONICAL,False,7,0.0039040713887339,7,0.0034013605442176,6.550534165347954,45.85373915743568,UNKNOWN,UNKNOWN,UNRESOLVED,PRIMARY,燕岚闺中顾话[正篇+后传1+后传2+后传3]/燕嵐閨中顧話,コナ,喵小吉cosplay合集,爆机少女喵小吉,琼明神女录白衣剑仙第一章,鸽天尊,純愛 | 長篇 | Cosplay | 強暴 | 短篇,コナ | 爆机少女喵小吉 | 鸽天尊 | 沐浴橙汁儿,原神,local tag semantics + example titles/authors,
女神,女神,女神,,IDENTITY_ROLE,人物身份、职业或社会角色,CORE,HIGH_PRECISION_ANCHOR,OK,True,high,ACCEPT_HIGH_CONF,KEEP_CANONICAL,False,7,0.0039040713887339,7,0.0034013605442176,6.550534165347954,45.85373915743568,UNKNOWN,UNKNOWN,UNRESOLVED,PRIMARY,異世界来たのでスケベスキルで全力謳歌しようと思う 既然來到異世界就用好色技能盡其所能的謳歌人生 特装版 單行本版本,あきのそら,スキル強化解禁 + OrangeMaru Special 04 (Fate/Grand Order),YD,(C97)Carnal Chaldea 4 (Fate/Grand Order),ミサカ12003,長篇 | 純愛 | 後宮閃光 | 單行本 | 姐姐系,あきのそら | YD | ミサカ12003 | ましゅー | 僵僵僵酱,fate / grand order | 原神:雷電將軍 | 原神,local tag semantics + example titles/authors,
雙子,雙子,雙子,,RELATIONSHIP,关系、亲属或年龄关系,CORE,HIGH_PRECISION_ANCHOR,OK,True,high,ACCEPT_HIGH_CONF,KEEP_CANONICAL,False,7,0.0039040713887339,7,0.0034013605442176,6.550534165347954,45.85373915743568,UNKNOWN,UNKNOWN,UNRESOLVED,PRIMARY,milking♥ + とらのあなリーフレット [中国翻訳][无修正],朝峰テル,おねだりツインズ (COMIC快楽天ビースト 2020年6月号),kakao,ラストモール～首吊男子と肉食女子～,露々々木もげら,長篇 | 單行本 | 短篇 | 後宮閃光 | 同人,朝峰テル | kakao | 露々々木もげら | ベルゼ | 平間ひろかず,,local tag semantics + example titles/authors,
天使 / 惡魔,天使 / 惡魔,天使 / 惡魔,,SPECIES_FANTASY,物种、非人或幻想角色类型,CORE,HIGH_PRECISION_ANCHOR,OK,True,high,ACCEPT_HIGH_CONF,KEEP_CANONICAL,False,7,0.0039040713887339,7,0.0034013605442176,6.550534165347954,45.85373915743568,UNKNOWN,UNKNOWN,UNRESOLVED,PRIMARY,[雑誌] COMIC ExE (コミック エグゼ) 05 [DL版],成年コミック,[Pixiv] 阿戈魔AGM (20670939),阿戈魔AGM,あくまでメイド。2 -sloth- 怠惰,神代竜,長篇 | 生肉 | 單行本 | 全彩 | 同人,成年コミック | 阿戈魔AGM | 神代竜 | Croriin | 玉ぼん,,local tag semantics + example titles/authors,
安眠藥,安眠藥,安眠藥,,CONTROL_COERCION,控制、约束或非自愿情境标签,CORE,HIGH_PRECISION_ANCHOR,OK,True,high,ACCEPT_HIGH_CONF,KEEP_CANONICAL,False,7,0.0039040713887339,7,0.0034013605442176,6.550534165347954,45.85373915743568,KNOWN,FETISH_TROPE,CORE,PRIMARY,遠い君に、僕は届かない 君至彼方、已非吾能企及 新增 無修正 無碼,二峰跨人,眠り姫/睡美人 I+II [中国翻訳] [DL版],松河,図書室ノ彼女 1-6 ~清楚ナ君ガ堕チルマデ~,雨あられ,長篇 | 單行本 | 姐姐系 | 妹妹系 | SM,二峰跨人 | 松河 | 雨あられ | 多摩豪 | MANA,,local tag semantics + example titles/authors,
百合,百合,百合,,AUDIENCE_ORIENTATION,受众/配对方向或关系取向,CORE,HIGH_PRECISION_ANCHOR,OK,True,high,ACCEPT_HIGH_CONF,KEEP_CANONICAL,False,7,0.0039040713887339,7,0.0034013605442176,6.550534165347954,45.85373915743568,KNOWN,RELATIONSHIP_TROPE,CORE,PRIMARY,JKエトセトラ | JK Et Cetera | JK二三事,美矢火,[無修正] [熟肉] MANA短篇漫画大合集,MANA,【3D】百合CG集-Classmate,H.txt,全彩 | 短篇 | 長篇 | CG雜圖 | 同人,美矢火 | MANA | H.txt | ちぃま | doumou,原神 | fate / grand order,local tag semantics + example titles/authors,
精神操控,精神操控,精神操控,,CONTROL_COERCION,控制、约束或非自愿情境标签,CORE,HIGH_PRECISION_ANCHOR,OK,True,high,ACCEPT_HIGH_CONF,KEEP_CANONICAL,False,7,0.0039040713887339,8,0.0038872691933916,6.43275112969157,45.02925790784099,UNKNOWN,UNKNOWN,UNRESOLVED,PRIMARY,(C103) 妹と妹の親友で催眠耐性EXの清楚JCと催眠でイチャイチャする本 [中国翻訳],karory,(C90) シンアイマックスマッタナシ！3 (アイドルマスター シンデレラガールズ),Sian,人付き合いが苦手な未亡人の雪女さんと呪いの指輪 [中国翻訳],ぷぅ崎ぷぅ奈,全彩 | 短篇 | 同人 | 妹妹系 | 長篇,karory | Sian | ぷぅ崎ぷぅ奈 | 左藤空気 | 山田ゴゴゴ,偶像大師 | 偶像大師灰姑娘,local tag semantics + example titles/authors,
游泳池,游泳池,游泳池,,SETTING_LOCATION,地点或场景设定,SECONDARY,SECONDARY_RECALL,OK,True,high,ACCEPT_HIGH_CONF,KEEP_CANONICAL,False,7,0.0039040713887339,8,0.0038872691933916,6.43275112969157,45.02925790784099,UNKNOWN,UNKNOWN,UNRESOLVED,PRIMARY,催眠されちゃった私? | 催眠的对象难道是我?,simao,田舎にはこれくらいしか娯楽がない 5,しゃよー,スクイーズスイマーズステータス,かめかめ,短篇 | 單行本 | 純愛 | 人妻 | 強暴,simao | しゃよー | かめかめ | 栗原ケンシロウ | 猿駕アキ,,local tag semantics + example titles/authors,
女王 / 公主,女王 / 公主,女王 / 公主,,IDENTITY_ROLE,人物身份、职业或社会角色,CORE,HIGH_PRECISION_ANCHOR,OK,True,high,ACCEPT_HIGH_CONF,KEEP_CANONICAL,False,7,0.0039040713887339,8,0.0038872691933916,6.43275112969157,45.02925790784099,KNOWN,CHARACTER_IDENTITY_ROLE,CORE,PRIMARY,[雑誌] COMIC ExE (コミック エグゼ) 05 [DL版],成年コミック,異世界ハーレム物語6～6.5～濃密!!淫行クルージング!～,立花オミナ,眠れる森の美女たち (WEEKLY快楽天 Vol.46),雛咲葉,長篇 | 生肉 | 單行本 | 後宮閃光 | 短篇,成年コミック | 立花オミナ | 雛咲葉,,local tag semantics + example titles/authors,
人渣,人渣,人渣,,IDENTITY_ROLE,人物身份、职业或社会角色,CORE,HIGH_PRECISION_ANCHOR,OK,True,high,ACCEPT_HIGH_CONF,KEEP_CANONICAL,False,7,0.0039040713887339,9,0.0043731778425655,6.327390614033744,44.29173429823621,UNKNOWN,UNKNOWN,UNRESOLVED,PRIMARY,ワカラセ総集編～終わらない悪夢と溺れるオンナたち～＋新規描き下ろし漫画２１ページ[中国翻译],むうつき、雪仁,定制性爱玩偶奖励机器人（74老师原创系强暴H）,ratatatat74,Y.U.K.I.N.A [无修正],Hiten,長篇 | 強暴 | 短篇 | 全彩 | 非人類,むうつき、雪仁 | ratatatat74 | Hiten | 胡桃屋ましみん | ネプカ,,local tag semantics + example titles/authors,
大嫂,大嫂,大嫂,,RELATIONSHIP,关系、亲属或年龄关系,CORE,HIGH_PRECISION_ANCHOR,OK,True,high,ACCEPT_HIGH_CONF,KEEP_CANONICAL,False,6,0.0033463469046291,6,0.0029154518950437,6.684065557972477,40.10439334783486,UNKNOWN,UNKNOWN,UNRESOLVED,PRIMARY,義姉さん、何着ても似合いますねー未亡人の義姉と俺の淫らな日々ー,森深雪,義姉ちゃん、オナホになってよ。前編+後編,どじろー,姉と僕の淫らな秘密 姊與我間淫猥的秘密,東西,短篇 | 人妻 | 長篇 | 純愛 | 單行本,森深雪 | どじろー | 東西 | ましゅまろ団,,local tag semantics + example titles/authors,
抖M,抖m,抖M,,IDENTITY_ROLE,人物身份、职业或社会角色,CORE,HIGH_PRECISION_ANCHOR,OK,True,high,ACCEPT_HIGH_CONF,KEEP_CANONICAL,False,6,0.0033463469046291,6,0.0029154518950437,6.684065557972477,40.10439334783486,UNKNOWN,UNKNOWN,UNRESOLVED,PRIMARY,ちょっとMでドスケベで + メロンブックス限定小冊子 キャラクタープロット集,もじゃりん,好きなんだもん (WEEKLY快楽天 2022 No.08),星井情,俺のマチアプ体験記〜彼氏持ちJDをバチボコにハメてみた〜,アルプス一万堂,單行本 | 長篇 | 短篇 | NTR | 全彩,もじゃりん | 星井情 | アルプス一万堂 | ゆずりあい,,local tag semantics + example titles/authors,
換妻,換妻,換妻,,RELATIONSHIP,关系、亲属或年龄关系,CORE,HIGH_PRECISION_ANCHOR,OK,True,high,ACCEPT_HIGH_CONF,KEEP_CANONICAL,False,6,0.0033463469046291,6,0.0029154518950437,6.684065557972477,40.10439334783486,UNKNOWN,UNKNOWN,UNRESOLVED,PRIMARY,ドハマリするほど気持ちイイ！純朴夫婦とヤリチンカップルのスワッピング温泉,阿部いのり,夫婦交姦～一度シたら戻れない…夫よりスゴい婚外セックス～ 1-55,ペーター・ミツル,人妻不貞交尾図録 逢引きスワッピング／麗子,アレグロ,長篇 | 人妻 | 全彩 | NTR | 生肉,阿部いのり | ペーター・ミツル | アレグロ | 終焉,,local tag semantics + example titles/authors,
連續高潮,連續高潮,連續高潮,,PHYSIOLOGY_STATE,生理、身体状态或生殖状态,CORE,HIGH_PRECISION_ANCHOR,OK,True,high,ACCEPT_HIGH_CONF,KEEP_CANONICAL,False,6,0.0033463469046291,6,0.0029154518950437,6.684065557972477,40.10439334783486,UNKNOWN,UNKNOWN,UNRESOLVED,PRIMARY,ギャルが泊まりに来たので中出しエッチさせてもらった話。 | 辣妹来到家中借住和她做爱并内射的故事,漫天堂,私は妻で母で、ただの雌 3 [中国翻訳] [DL版],下級武士,新妻の小春、ネトラセ | 新妻小春的合意寝取,ぽりうれたん,短篇 | 長篇 | 人妻 | NTR | 全彩,"漫天堂 | 下級武士 | ぽりうれたん | 无名 | 一日三尻,不倒翁,灰背隼",,local tag semantics + example titles/authors,
少爺,少爺,少爺,,IDENTITY_ROLE,人物身份、职业或社会角色,CORE,HIGH_PRECISION_ANCHOR,OK,True,high,ACCEPT_HIGH_CONF,KEEP_CANONICAL,False,6,0.0033463469046291,6,0.0029154518950437,6.684065557972477,40.10439334783486,UNKNOWN,UNKNOWN,UNRESOLVED,PRIMARY,悪牝探偵 (ANGEL 倶楽部 2024年10月号),バクシーシAT,学お坊ちゃまは思春期 (コミックゼロス #53),森島コン,メイドのおしごと。 女僕的工作範疇。,荒岸来歩,短篇 | 單行本 | 姐姐系 | 長篇 | 全彩,バクシーシAT | 森島コン | 荒岸来歩 | Serious | ぽりうれたん,,local tag semantics + example titles/authors,
岳母,岳母,岳母,,RELATIONSHIP,关系、亲属或年龄关系,CORE,HIGH_PRECISION_ANCHOR,OK,True,high,ACCEPT_HIGH_CONF,KEEP_CANONICAL,False,6,0.0033463469046291,6,0.0029154518950437,6.684065557972477,40.10439334783486,UNKNOWN,UNKNOWN,UNRESOLVED,PRIMARY,日焼け跡の娘と夫婦になったその夜、義母もうっかり孕ませてしまう夏,sage・ジョー,和带有晒痕的少女成为夫妇的那一晚，由于一念之差让岳母怀孕的夏天,sage・ジョー,「優しいだけの男」と妻に捨てられたので…,すぺしゃるじー,長篇 | 人妻 | 全彩 | NTR,sage・ジョー | すぺしゃるじー | 江森うき | 多摩豪,,local tag semantics + example titles/authors,
FGO: 馬修,fgo: 馬修,Fate / Grand Order: 馬修,Fate / Grand Order,FANDOM_CHARACTER,作品/IP中的具体角色,CORE,HIGH_PRECISION_ANCHOR,OK,True,high,ACCEPT_HIGH_CONF,MERGE_ALIAS,False,6,0.0033463469046291,6,0.0029154518950437,6.684065557972477,40.10439334783486,UNKNOWN,UNKNOWN,UNRESOLVED,PRIMARY,(C104)  Carnal Chaldea 6 (Fate/Grand Order) [中国翻訳],ミサカ12003,CHALDEA Lingerie Collection Vol.1,ましゅー,(C96) 新婚、マシュ (Fate/Grand Order),sage・ジョー,全彩 | 短篇 | 同人 | 純愛 | Fate,ミサカ12003 | ましゅー | sage・ジョー | じゃが山たらヲ | MANA,fate / grand order,local tag semantics + example titles/authors,
FGO: 源賴光,fgo: 源賴光,Fate / Grand Order: 源賴光,Fate / Grand Order,FANDOM_CHARACTER,作品/IP中的具体角色,CORE,HIGH_PRECISION_ANCHOR,OK,True,high,ACCEPT_HIGH_CONF,MERGE_ALIAS,False,6,0.0033463469046291,6,0.0029154518950437,6.684065557972477,40.10439334783486,UNKNOWN,UNKNOWN,UNRESOLVED,PRIMARY,(C94)  立香君の災難? 狙われた子羊!! (Fate/Grand Order) [中国翻訳],ズッキーニ,(C97)頼光ママにおまかせ (Fate/Grand Order) [中国翻訳],ケオヤ,(C96)  妻に黙って即売会に行くんじゃなかった2,みな本,全彩 | 短篇 | 同人 | 姐姐系 | 後宮閃光,ズッキーニ | ケオヤ | みな本 | なしぱすた,fate / grand order,local tag semantics + example titles/authors,
女騎士,女騎士,女騎士,,IDENTITY_ROLE,人物身份、职业或社会角色,CORE,HIGH_PRECISION_ANCHOR,OK,True,high,ACCEPT_HIGH_CONF,KEEP_CANONICAL,False,6,0.0033463469046291,7,0.0034013605442176,6.550534165347954,39.30320499208772,UNKNOWN,UNKNOWN,UNRESOLVED,PRIMARY,[Pixiv] 僵僵僵酱 (9565067),僵僵僵酱,戦乙女といくさごと! ～女聖騎士編～,ましゅー、Suguru,ぽりうれたんfanbox短篇,ぽりうれたん,全彩 | 同人 | CG雜圖 | 長篇 | 短篇,僵僵僵酱 | ましゅー、Suguru | ぽりうれたん | MANA | H9,原神:雷電將軍 | 原神,local tag semantics + example titles/authors,
失禁,失禁,失禁,,PHYSIOLOGY_STATE,生理、身体状态或生殖状态,CORE,HIGH_PRECISION_ANCHOR,OK,True,high,ACCEPT_HIGH_CONF,KEEP_CANONICAL,False,6,0.0033463469046291,7,0.0034013605442176,6.550534165347954,39.30320499208772,UNKNOWN,UNKNOWN,UNRESOLVED,PRIMARY,(C96) 凍土に堕ちる魔猪 (Fate/Grand Order) [中国翻訳],橘由宇,カルデアマニア・ジャンヌオルタ(Fate Grand Order),魚生、俺正讀,(C96)  妻に黙って即売会に行くんじゃなかった2,みな本,同人 | 短篇 | 強暴 | 非人類 | Fate,橘由宇 | 魚生、俺正讀 | みな本 | 赤薄紅 | 鉛棒なよなよ,fate / grand order,local tag semantics + example titles/authors,
C95,c95,C95,,PUBLICATION_EVENT,展会/场次/发布事件来源,IGNORE,EXCLUDE,OK,False,high,ACCEPT_HIGH_CONF,KEEP_CANONICAL,False,6,0.0033463469046291,7,0.0034013605442176,6.550534165347954,39.30320499208772,EXCLUDED,EVENT_SOURCE,IGNORE,NONE,(C95) 檻の中のイリヤちゃん～魔法少女～ (Fate／kaleid liner プリズマ☆イリヤ),スギユウ,Manga Sick (Fate/Grand Order),じゃが山たらヲ,(C95) 玉藻温泉 (Fate Grand Order),虎助遥人,同人 | 短篇 | Fate | 強暴 | 後宮閃光,スギユウ | じゃが山たらヲ | 虎助遥人 | 織田non | 愛上陸,fate / grand order,local tag semantics + example titles/authors,
傲嬌,傲嬌,傲嬌,,IDENTITY_ROLE,人物身份、职业或社会角色,CORE,HIGH_PRECISION_ANCHOR,OK,True,high,ACCEPT_HIGH_CONF,KEEP_CANONICAL,False,5,0.0027886224205242,5,0.0024295432458697,6.838216237799735,34.19108118899867,UNKNOWN,UNKNOWN,UNRESOLVED,PRIMARY,アザトメイキング 初回限定版 小惡魔安里的特輯 新增無修正 無碼,みちきんぐ,異世界ハーレム物語5~5.5～対決!!淫乱サキュバス姉妹!～,立花オミナ,ツンデレ妹との日常 | 与傲娇妹妹的日常,あいらんどう,長篇 | 純愛 | 後宮閃光 | 單行本 | 姐姐系,みちきんぐ | 立花オミナ | あいらんどう | kakao,,local tag semantics + example titles/authors,
扶她,扶她,扶她,,FETISH_TROPE,特殊偏好或机制型标签,CORE,HIGH_PRECISION_ANCHOR,OK,True,high,ACCEPT_HIGH_CONF,KEEP_CANONICAL,False,5,0.0027886224205242,5,0.0024295432458697,6.838216237799735,34.19108118899867,UNKNOWN,UNKNOWN,UNRESOLVED,PRIMARY,カルデアマニア・ジャンヌオルタ(Fate Grand Order),魚生、俺正讀,冒険者ちゃんとえっちな冒険1-3,レフトハンド,ローラとクロの幸せの呪文,魂神,短篇 | 同人 | Fate | 非人類 | 扶他樂園,魚生、俺正讀 | レフトハンド | 魂神 | 南☆ | m k,fate / grand order,local tag semantics + example titles/authors,
女裝,女裝,女裝,,APPEARANCE_OUTFIT,服装、配饰或造型,CORE,HIGH_PRECISION_ANCHOR,OK,True,high,ACCEPT_HIGH_CONF,KEEP_CANONICAL,False,5,0.0027886224205242,5,0.0024295432458697,6.838216237799735,34.19108118899867,UNKNOWN,UNKNOWN,UNRESOLVED,PRIMARY,ナマチチマラトロピクン + メロンブックス限定購入特典[無修正],鬼頭サケル,レイカは華麗な僕の女王 蕾卡乃華麗且我的女王,ぐすたふ,COMIC BAVEL 2024年5月号,多人,長篇 | 單行本 | 純愛,鬼頭サケル | ぐすたふ | 多人 | おはぎさん | こしの,,local tag semantics + example titles/authors,
手銬,手銬,手銬,,CONTROL_COERCION,控制、约束或非自愿情境标签,CORE,HIGH_PRECISION_ANCHOR,OK,True,high,ACCEPT_HIGH_CONF,KEEP_CANONICAL,False,5,0.0027886224205242,5,0.0024295432458697,6.838216237799735,34.19108118899867,UNKNOWN,UNKNOWN,UNRESOLVED,PRIMARY,ヘマした僕をかばって捕まった先輩女捜査官が悪党共に媚薬漬けでヤられる姿にクズ勃起 (オリジナル),クゥロン,幻角兎の飼い主 (異世快楽天 Vol.29&30) | 幻角兔與她的主人,Croriin,OFF SHOT 1/2/3 (偶像大师 灰姑娘女孩),大槍葦人,長篇 | 強暴 | 短篇 | 純愛 | 全彩,クゥロン | Croriin | 大槍葦人 | 七原冬雪 | 富士やま,偶像大師 | 偶像大師灰姑娘 | 偶像大師灰姑娘: 渋谷凛 | 偶像大師灰姑娘: 安娜斯塔西婭 | 偶像大師灰姑娘: 輿水幸子,local tag semantics + example titles/authors,
蔚藍檔案,蔚藍檔案,蔚藍檔案,,FANDOM_IP,作品、游戏、动画或系列IP,CORE,HIGH_PRECISION_ANCHOR,OK,True,high,ACCEPT_HIGH_CONF,KEEP_CANONICAL,False,5,0.0027886224205242,5,0.0024295432458697,6.838216237799735,34.19108118899867,UNKNOWN,UNKNOWN,UNRESOLVED,PRIMARY,ぽるこれ カースト上位のあの子は実は淫乱ドスケベ痴女-総集編- | 春色收藏 身为同龄人婆罗门的她其实是荒淫无度的痴女-总集篇-,パイレーツキャット,肉欲蜜乳~高赞榨精系综漫性交合集（明日方舟·原神等H）,Dodok,[PIXIV] XMC [104685880]（AI）,XMC,長篇 | 同人 | CG雜圖 | 強暴 | NTR,パイレーツキャット | Dodok | XMC | skskちゃん | MIN-NARAKEN,原神 | 崩壞:星穹鐵道 | 原神:八重神子 | 原神:神裡綾華 | 原神:宵宮,local tag semantics + example titles/authors,
陰蒂,陰蒂,陰蒂,,BODY_ATTRIBUTE,身体或解剖属性,CORE,HIGH_PRECISION_ANCHOR,OK,True,high,ACCEPT_HIGH_CONF,KEEP_CANONICAL,False,5,0.0027886224205242,5,0.0024295432458697,6.838216237799735,34.19108118899867,UNKNOWN,UNKNOWN,UNRESOLVED,PRIMARY,崖っぷちアイドル、初めてのグラビア撮影で絶頂！？〜水着の中までマッサージされるなんて聞いてません！〜,ababari,陰核愛撫・クリイキ完全マニュアル イラスト版……らぶクリ！,由良橋勢,クール系年上バリキャリ彼女 尊厳破壊和姦,発電ペンギン,短篇 | 強暴 | 禁書目錄 | 單行本 | 長篇,ababari | 由良橋勢 | 発電ペンギン | 犬 | ひらり,,local tag semantics + example titles/authors,
女中學生(JC) ,女中學生(jc,女中學生(JC),,AGE_CODED_CHARACTER,明确年龄编码的人物标签,SAFETY_EXCLUDE,SAFETY_BLOCKED,BLOCK_MINOR_EXPLICIT,False,high,SAFETY_BLOCK,KEEP_CANONICAL,False,5,0.0027886224205242,5,0.0024295432458697,6.838216237799735,34.19108118899867,KNOWN,CHARACTER_IDENTITY_ROLE,CORE,PRIMARY,(C103) 妹と妹の親友で催眠耐性EXの清楚JCと催眠でイチャイチャする本 [中国翻訳],karory,ナマチチマラトロピクン + メロンブックス限定購入特典[無修正],鬼頭サケル,一生忘れられないセックス,鳥居ヨシツナ,全彩 | 短篇 | 同人 | 妹妹系 | 長篇,karory | 鬼頭サケル | 鳥居ヨシツナ | たぬま | 新川直司,,local tag semantics + example titles/authors,
偶像大師 閃耀色彩,偶像大師 閃耀色彩,偶像大師 閃耀色彩,,FANDOM_IP,作品、游戏、动画或系列IP,CORE,HIGH_PRECISION_ANCHOR,OK,True,high,ACCEPT_HIGH_CONF,KEEP_CANONICAL,False,5,0.0027886224205242,5,0.0024295432458697,6.838216237799735,34.19108118899867,KNOWN,FANDOM_IP,CORE,PRIMARY,泥酔した七草はづきに悪いことをする話 (アイドルマスター シャイニーカラーズ),毒猫ノイル,月◯ (アイドルマスター シャイニーカラーズ) [中国翻訳],にぎりうさぎ,本当は、癒しい女。 (アイドルマスター シャイニーカラーズ),MAKOTO,短篇 | 同人 | 全彩 | 強暴,毒猫ノイル | にぎりうさぎ | MAKOTO | chocobeam | YD,偶像大師 閃耀色彩 | 偶像大師,local tag semantics + example titles/authors,
C101,c101,C101,,PUBLICATION_EVENT,展会/场次/发布事件来源,IGNORE,EXCLUDE,OK,False,high,ACCEPT_HIGH_CONF,KEEP_CANONICAL,False,5,0.0027886224205242,5,0.0024295432458697,6.838216237799735,34.19108118899867,EXCLUDED,EVENT_SOURCE,IGNORE,NONE,オトナの誘惑 + おかわり(アイドルマスター シンデレラガールズ),ぐすたふ,家出JKちゃんを泊めてあげたら僕の家がヤリ部屋に,福永ゆきと,人妻不貞交尾図録 逢引きスワッピング／麗子,アレグロ,同人 | 短篇 | 長篇 | 人妻 | 全彩,ぐすたふ | 福永ゆきと | アレグロ | 遠海はるか | まんの,偶像大師 | 偶像大師灰姑娘,local tag semantics + example titles/authors,
碧藍航線,碧藍航線,碧藍航線,,FANDOM_IP,作品、游戏、动画或系列IP,CORE,HIGH_PRECISION_ANCHOR,OK,True,high,ACCEPT_HIGH_CONF,KEEP_CANONICAL,False,5,0.0027886224205242,6,0.0029154518950437,6.684065557972477,33.420327789862384,UNKNOWN,UNKNOWN,UNRESOLVED,PRIMARY,(サンクリ2019 Summer) 親愛なるあなたへ (アズールレーン),カグユヅ,肉欲蜜乳~高赞榨精系综漫性交合集（明日方舟·原神等H）,Dodok,CL-ust 01/02 (アズールレーン),呉マサヒロ,,,,local tag semantics + example titles/authors,
人獸交,人獸交,人獸交,,SEXUAL_BEHAVIOR,行为类内容标签,CORE,HIGH_PRECISION_ANCHOR,OK,True,high,ACCEPT_HIGH_CONF,KEEP_CANONICAL,False,5,0.0027886224205242,6,0.0029154518950437,6.684065557972477,33.420327789862384,UNKNOWN,UNKNOWN,UNRESOLVED,PRIMARY,カルデアマニア・ジャンヌオルタ(Fate Grand Order),魚生、俺正讀,BUZAMA東方(壊) (東方Project),にゅう,冒険者ちゃんとえっちな冒険1-3,レフトハンド,短篇 | 同人 | Fate | 非人類 | 扶他樂園,魚生、俺正讀 | にゅう | レフトハンド | 比目魚,fate / grand order,local tag semantics + example titles/authors,
性轉,性轉,性轉,,FETISH_TROPE,特殊偏好或机制型标签,CORE,HIGH_PRECISION_ANCHOR,OK,True,high,ACCEPT_HIGH_CONF,KEEP_CANONICAL,False,5,0.0027886224205242,6,0.0029154518950437,6.684065557972477,33.420327789862384,UNKNOWN,UNKNOWN,UNRESOLVED,PRIMARY,クズ賢者afterII 幼馴染の僧侶を救うため、勇者は少女になる,愉月綴,TS☆Revolution 無修正精修版,史鬼匠人,精靈新娘 (エルフの嫁入り),Okito Endo,CG雜圖 | 性轉換 | 單行本 | 長篇 | 同人,愉月綴 | 史鬼匠人 | Okito Endo | 魂神,,local tag semantics + example titles/authors,
LOVELIVE,lovelive,LoveLive!,,FANDOM_IP,作品、游戏、动画或系列IP,CORE,HIGH_PRECISION_ANCHOR,OK,True,high,ACCEPT_HIGH_CONF,MERGE_ALIAS,False,5,0.0027886224205242,6,0.0029154518950437,6.684065557972477,33.420327789862384,KNOWN,FANDOM_IP,CORE,PRIMARY,(僕らのラブライブ! 22)渡辺の休日～episode of Tsuki～ (ラブライブ! サンシャイン!!),あるぷ,(C100)   桜坂の休日 (ラブライブ!虹ヶ咲学園スクールアイドル同好会) [DL版] [中国翻訳],あるぷ,What is this thing called love? 2 (ラブライブ!),大槍葦人,短篇 | 同人 | Love Live | 純愛 | 全彩,あるぷ | 大槍葦人,lovelive | lovelive! sunshine!! | lovelive: 小希 | lovelive: 繪理 | lovelive: 小鳥,local tag semantics + example titles/authors,
C91,c91,C91,,PUBLICATION_EVENT,展会/场次/发布事件来源,IGNORE,EXCLUDE,OK,False,high,ACCEPT_HIGH_CONF,KEEP_CANONICAL,False,5,0.0027886224205242,6,0.0029154518950437,6.684065557972477,33.420327789862384,EXCLUDED,EVENT_SOURCE,IGNORE,NONE,メイド美波のご奉仕フルコース (THE IDOLM@STER CINDERELLA GIRLS),ぐすたふ,妻とチャラ男が消えたNTRベッドルーム,あらくれ,サキュバステードライフ5,笹森トモエ,同人 | 短篇 | 足の恋 | 人妻 | NTR,ぐすたふ | あらくれ | 笹森トモエ | 織田non | 鬼月あるちゅ、ZAN,偶像大師灰姑娘,local tag semantics + example titles/authors,
處女,處女,處女,,PHYSIOLOGY_STATE,生理、身体状态或生殖状态,CORE,HIGH_PRECISION_ANCHOR,OK,True,high,ACCEPT_HIGH_CONF,KEEP_CANONICAL,False,4,0.0022308979364194,4,0.0019436345966958,7.0205377945936895,28.08215117837476,UNKNOWN,UNKNOWN,UNRESOLVED,PRIMARY,ヤらせてやるって言ってんの！| 让你上我就上我，少跟我废话,美影,去恋爱去感触（恋して触れて [DL版]）[中国翻译],ちょりもっき,君は輝く月花のように,ぐすたふ,,,,local tag semantics + example titles/authors,
鬼滅之刃,鬼滅之刃,鬼滅之刃,,FANDOM_IP,作品、游戏、动画或系列IP,CORE,HIGH_PRECISION_ANCHOR,OK,True,high,ACCEPT_HIGH_CONF,KEEP_CANONICAL,False,4,0.0022308979364194,4,0.0019436345966958,7.0205377945936895,28.08215117837476,UNKNOWN,UNKNOWN,UNRESOLVED,PRIMARY,胡蝶しのぶ姦 ～寝ている間におっさん鬼に犯される～ (鬼滅の刃) [中国翻訳] [DL版],まー九郎,鬼滅の遊女胡蝶しのぶ (鬼滅の刃) [中国翻訳] [DL版],まー九郎,催眠温泉 甘露寺蜜璃 (鬼滅の刃) [DL版],まー九郎,,,,local tag semantics + example titles/authors,
機械娘,機械娘,機械娘,,SPECIES_FANTASY,物种、非人或幻想角色类型,CORE,HIGH_PRECISION_ANCHOR,OK,True,high,ACCEPT_HIGH_CONF,KEEP_CANONICAL,False,4,0.0022308979364194,4,0.0019436345966958,7.0205377945936895,28.08215117837476,UNKNOWN,UNKNOWN,UNRESOLVED,PRIMARY,[Pixiv] 阿戈魔AGM (20670939),阿戈魔AGM,アンドロイドは母子でツガウ夢を見るか ？,ムルの本箱,機械仕掛けのジェーン・ドーの摂精,ヤルク,,,,local tag semantics + example titles/authors,
綑綁,綑綁,綑綁,,CONTROL_COERCION,控制、约束或非自愿情境标签,CORE,HIGH_PRECISION_ANCHOR,OK,True,high,ACCEPT_HIGH_CONF,KEEP_CANONICAL,False,4,0.0022308979364194,4,0.0019436345966958,7.0205377945936895,28.08215117837476,UNKNOWN,UNKNOWN,UNRESOLVED,PRIMARY,ミセリアへの手紙 (COMIC BAVEL 2019年8月号) [中国翻訳] [DL版],翠野タヌキ,甘えていい？ (COMIC失楽天 2019年10月号)[無修正],東出イロドリ,異世界ハーレム物語5~5.5～対決!!淫乱サキュバス姉妹!～,立花オミナ,,,,local tag semantics + example titles/authors,
老闆娘,老闆娘,老闆娘,,IDENTITY_ROLE,人物身份、职业或社会角色,CORE,HIGH_PRECISION_ANCHOR,OK,True,high,ACCEPT_HIGH_CONF,KEEP_CANONICAL,False,4,0.0022308979364194,4,0.0019436345966958,7.0205377945936895,28.08215117837476,UNKNOWN,UNKNOWN,UNRESOLVED,PRIMARY,ねんごろの宿 (コミックホットミルク濃いめ vol.27) [中国翻訳] [DL版],白野じん,ご奉仕ざかり + イラストカード,アシオミマサト,銭湯の女将さん~涼子さん,桜の灯る日へ,,,,local tag semantics + example titles/authors,
魔法師,魔法師,魔法師,,IDENTITY_ROLE,人物身份、职业或社会角色,CORE,HIGH_PRECISION_ANCHOR,OK,True,high,ACCEPT_HIGH_CONF,KEEP_CANONICAL,False,4,0.0022308979364194,4,0.0019436345966958,7.0205377945936895,28.08215117837476,UNKNOWN,UNKNOWN,UNRESOLVED,PRIMARY,異世界ハーレム物語6～6.5～濃密!!淫行クルージング!～,立花オミナ,戦乙女といくさごと!～女魔法使い編～,ましゅー,魔王城的魅魔们VS.淫纹术师,一ノ瀬ランド,,,,local tag semantics + example titles/authors,
尼爾自動人形: 2B,尼爾自動人形: 2b,尼爾自動人形: 2B,,FANDOM_CHARACTER,作品/IP中的具体角色,CORE,HIGH_PRECISION_ANCHOR,OK,True,high,ACCEPT_HIGH_CONF,KEEP_CANONICAL,False,4,0.0022308979364194,4,0.0019436345966958,7.0205377945936895,28.08215117837476,UNKNOWN,UNKNOWN,UNRESOLVED,PRIMARY,ぽるこれ カースト上位のあの子は実は淫乱ドスケベ痴女-総集編- | 春色收藏 身为同龄人婆罗门的她其实是荒淫无度的痴女-总集篇-,パイレーツキャット,sakimichan合集（131）,sakimichan,喵小吉cosplay合集,爆机少女喵小吉,,,,local tag semantics + example titles/authors,
女陰摩擦 / 磨豆腐,女陰摩擦 / 磨豆腐,女陰摩擦 / 磨豆腐,,SEXUAL_BEHAVIOR,行为类内容标签,CORE,HIGH_PRECISION_ANCHOR,OK,True,high,ACCEPT_HIGH_CONF,KEEP_CANONICAL,False,4,0.0022308979364194,4,0.0019436345966958,7.0205377945936895,28.08215117837476,UNKNOWN,UNKNOWN,UNRESOLVED,PRIMARY,百合×NTR -百合を喰うもの- | 百合×NTR -百合的吞噬者-,朝仁寝ルノ,[無修正] [熟肉] MANA短篇漫画大合集,MANA,【3D】百合CG集-Classmate,H.txt,,,,local tag semantics + example titles/authors,
柔軟體質 / 體操,柔軟體質 / 體操,柔軟體質 / 體操,,BODY_ATTRIBUTE,身体或解剖属性,CORE,HIGH_PRECISION_ANCHOR,OK,True,high,ACCEPT_HIGH_CONF,KEEP_CANONICAL,False,4,0.0022308979364194,4,0.0019436345966958,7.0205377945936895,28.08215117837476,UNKNOWN,UNKNOWN,UNRESOLVED,PRIMARY,藤原千花大小姐的诱骗胁迫奸淫（辉夜大小姐想让我告白同人H）,毒猫ノイル,新体操サークル女子が関節可動域めいっぱい使ってHする話,わかまつ,[Pixiv] Agent_SS (34045771),Agent_SS,,,,local tag semantics + example titles/authors,
乳首開發,乳首開發,乳首開發,,FETISH_TROPE,特殊偏好或机制型标签,CORE,HIGH_PRECISION_ANCHOR,OK,True,high,ACCEPT_HIGH_CONF,KEEP_CANONICAL,False,4,0.0022308979364194,4,0.0019436345966958,7.0205377945936895,28.08215117837476,UNKNOWN,UNKNOWN,UNRESOLVED,PRIMARY,友達の母親 朋友的媽媽 無修正,gonza,#M活<ハッシュタグマゾ活>,星井情,内向顺从的女友拒绝不了,黒本君,,,,local tag semantics + example titles/authors,
生肉,生肉,生肉,,LANGUAGE_EDITION,语言、翻译或版本元数据,IGNORE,EXCLUDE,OK,False,high,ACCEPT_HIGH_CONF,KEEP_CANONICAL,False,4,0.0022308979364194,4,0.0019436345966958,7.0205377945936895,28.08215117837476,UNKNOWN,UNKNOWN,UNRESOLVED,PRIMARY,JK生主の生放送で１０回イクまで終われまテン！！+ バッドエンドイラスト,満開開花,[雑誌] COMIC ExE (コミック エグゼ) 05 [DL版],成年コミック,東幻楼奇譚 [中国翻訳] [DL版],大野かなえ,,,,local tag semantics + example titles/authors,
師生戀,師生戀,師生戀,,RELATIONSHIP,关系、亲属或年龄关系,CORE,HIGH_PRECISION_ANCHOR,OK,True,high,ACCEPT_HIGH_CONF,KEEP_CANONICAL,False,4,0.0022308979364194,4,0.0019436345966958,7.0205377945936895,28.08215117837476,UNKNOWN,UNKNOWN,UNRESOLVED,PRIMARY,カノジョは要らない服部先生！ ～恋は面倒なんて言ってホントは愛が重すぎる～ | 服部老師不需要女朋友！,玉ぼん,星期一的丰满/月曜日のたわわ  至128话,比村奇石,把辣妹娶回家之后每天都过得颠鸾倒凤太棒了,朝峰テル,,,,local tag semantics + example titles/authors,
叔母,叔母,叔母,,RELATIONSHIP,关系、亲属或年龄关系,CORE,HIGH_PRECISION_ANCHOR,OK,True,high,ACCEPT_HIGH_CONF,KEEP_CANONICAL,False,4,0.0022308979364194,4,0.0019436345966958,7.0205377945936895,28.08215117837476,UNKNOWN,UNKNOWN,UNRESOLVED,PRIMARY,あこがれの叔母を寝取る2 家族を見送った玄関で牝堕ち羞恥プレイ,ミルフ書房,なつのひ (COMIC 失楽天 2024年9月号),ひとにたち,妹とゲームをする、そして叔母とセックスをする,よしおエレキ,,,,local tag semantics + example titles/authors,
未亡人,未亡人,未亡人,,IDENTITY_ROLE,人物身份、职业或社会角色,CORE,HIGH_PRECISION_ANCHOR,OK,True,high,ACCEPT_HIGH_CONF,KEEP_CANONICAL,False,4,0.0022308979364194,4,0.0019436345966958,7.0205377945936895,28.08215117837476,UNKNOWN,UNKNOWN,UNRESOLVED,PRIMARY,義姉さん、何着ても似合いますねー未亡人の義姉と俺の淫らな日々ー,森深雪,人付き合いが苦手な未亡人の雪女さんと呪いの指輪 [中国翻訳],ぷぅ崎ぷぅ奈,イルカのモビール (COMIC 失楽天 2023年12月号),utu,,,,local tag semantics + example titles/authors,
幼馴染,幼馴染,青梅竹馬,,RELATIONSHIP,关系、亲属或年龄关系,CORE,HIGH_PRECISION_ANCHOR,OK,True,high,ACCEPT_HIGH_CONF,MERGE_ALIAS,False,4,0.0022308979364194,4,0.0019436345966958,7.0205377945936895,28.08215117837476,UNKNOWN,UNKNOWN,UNRESOLVED,PRIMARY,人妻幼馴染とひと夏のできごと DLO-07 [中国翻訳] [DL版],なかじまゆか,最愛の彼女に合意の上、過去の男に抱かれてもらった。(オリジナル),眠井ねず、どえむたん,夏のヤリなおし6 -夏と田舎と幼馴染の妹- [中国翻訳],浅川,,,,local tag semantics + example titles/authors,
貞操鎖,貞操鎖,貞操鎖,,CONTROL_COERCION,控制、约束或非自愿情境标签,CORE,HIGH_PRECISION_ANCHOR,OK,True,high,ACCEPT_HIGH_CONF,KEEP_CANONICAL,False,4,0.0022308979364194,4,0.0019436345966958,7.0205377945936895,28.08215117837476,UNKNOWN,UNKNOWN,UNRESOLVED,PRIMARY,最愛の彼女に合意の上、過去の男に抱かれてもらった。(オリジナル),眠井ねず、どえむたん,レイカは華麗な僕の女王 蕾卡乃華麗且我的女王,ぐすたふ,性なる福音 (異世快楽天 Vol.4),玉ぼん,,,,local tag semantics + example titles/authors,
FGO: 斯卡哈,fgo: 斯卡哈,Fate / Grand Order: 斯卡哈,Fate / Grand Order,FANDOM_CHARACTER,作品/IP中的具体角色,CORE,HIGH_PRECISION_ANCHOR,OK,True,high,ACCEPT_HIGH_CONF,MERGE_ALIAS,False,4,0.0022308979364194,4,0.0019436345966958,7.0205377945936895,28.08215117837476,UNKNOWN,UNKNOWN,UNRESOLVED,PRIMARY,(C94)  立香君の災難? 狙われた子羊!! (Fate/Grand Order) [中国翻訳],ズッキーニ,サソワレマスター (Fate/Grand Order) [中国翻訳] [DL版],常磐緑,(C97)MOVE ON UP (Fate/Grand Order),じゃが山たらヲ,,,,local tag semantics + example titles/authors,
幻想,幻想,幻想,,GENRE_THEME,题材、类型或整体主题,CORE,SECONDARY_RECALL,OK,True,high,ACCEPT_HIGH_CONF,KEEP_CANONICAL,False,4,0.0022308979364194,4,0.0019436345966958,7.0205377945936895,28.08215117837476,KNOWN,GENRE_SETTING,SECONDARY,PRIMARY,年上幼なじみ♂を喘がせたい！感じてる声、もっと聞かせて？,どん,奴隷を調教してハーレム作る,アルデヒド,尽情玩乐~居家篇~,昼寝,,,,local tag semantics + example titles/authors,
男大學生(DD),男大學生(dd,男大學生(DD),,IDENTITY_ROLE,人物身份、职业或社会角色,CORE,HIGH_PRECISION_ANCHOR,OK,True,high,ACCEPT_HIGH_CONF,KEEP_CANONICAL,False,4,0.0022308979364194,4,0.0019436345966958,7.0205377945936895,28.08215117837476,KNOWN,CHARACTER_IDENTITY_ROLE,CORE,PRIMARY,清楚×反転 ~女友達がサキュバスに身体を乗っ取られて毎日精力供給させられる話~,ひょころー,勝手に住みついてる陰キャ幽霊のカラダを好き勝手する話,いづれ,心儀女孩的理想與現實｜憧れ彼女の理想と現実 無修正版,あるぷ,,,,local tag semantics + example titles/authors,
原神:雷電將軍,原神:雷電將軍,原神:雷電將軍,原神,FANDOM_CHARACTER,作品/IP中的具体角色,CORE,HIGH_PRECISION_ANCHOR,OK,True,high,ACCEPT_HIGH_CONF,KEEP_CANONICAL,False,4,0.0022308979364194,4,0.0019436345966958,7.0205377945936895,28.08215117837476,KNOWN,FANDOM_IP,CORE,PRIMARY,雷電将軍   Raiden Shogun（OL）[AI Generated],Paperhero,[Pixiv] 僵僵僵酱 (9565067),僵僵僵酱,Raiden Shogun,Genkung,,,,local tag semantics + example titles/authors,
婚紗,婚紗,婚紗,,APPEARANCE_OUTFIT,服装、配饰或造型,CORE,HIGH_PRECISION_ANCHOR,OK,True,high,ACCEPT_HIGH_CONF,KEEP_CANONICAL,False,4,0.0022308979364194,5,0.0024295432458697,6.838216237799735,27.35286495119894,UNKNOWN,UNKNOWN,UNRESOLVED,PRIMARY,片恋フラグメント + とらのあな購入特典 rough illust works,ぴょん吉,母のうつり香【電子特装版】,夏のおやつ,トウコママの素敵な結婚式,アヘ丸,,,,local tag semantics + example titles/authors,
英雄聯盟,英雄聯盟,英雄聯盟,,FANDOM_IP,作品、游戏、动画或系列IP,CORE,HIGH_PRECISION_ANCHOR,OK,True,high,ACCEPT_HIGH_CONF,KEEP_CANONICAL,False,4,0.0022308979364194,5,0.0024295432458697,6.838216237799735,27.35286495119894,UNKNOWN,UNKNOWN,UNRESOLVED,PRIMARY,大师Kidmo无码全集▲更新【英雄联盟阿狸 灵魂莲华】,Kidmo,画师Kidmo作品集 2019-2021.03,Kidmo,sakimichan合集（131）,sakimichan,,,,local tag semantics + example titles/authors,
超異域公主連結 Re:Dive,超異域公主連結 re:dive,超異域公主連結 Re:Dive,,FANDOM_IP,作品、游戏、动画或系列IP,CORE,HIGH_PRECISION_ANCHOR,OK,True,high,ACCEPT_HIGH_CONF,KEEP_CANONICAL,False,4,0.0022308979364194,5,0.0024295432458697,6.838216237799735,27.35286495119894,KNOWN,CHARACTER_IDENTITY_ROLE,CORE,PRIMARY,ごめんなさい主さま/真的非常抱歉主人1-3 (プリンセスコネクト!Re：Dive) [中国翻訳] [無修正] [DL版],かろちー,肉欲蜜乳~高赞榨精系综漫性交合集（明日方舟·原神等H）,Dodok,[無修正] [熟肉] MANA短篇漫画大合集,MANA,,,,local tag semantics + example titles/authors,
LoveLive! Sunshine!!,lovelive! sunshine!!,LoveLive! Sunshine!!,,FANDOM_IP,作品、游戏、动画或系列IP,CORE,HIGH_PRECISION_ANCHOR,OK,True,high,ACCEPT_HIGH_CONF,KEEP_CANONICAL,False,4,0.0022308979364194,6,0.0029154518950437,6.684065557972477,26.736262231889903,KNOWN,FANDOM_IP,CORE,PRIMARY,(僕らのラブライブ! 22)渡辺の休日～episode of Tsuki～ (ラブライブ! サンシャイン!!),あるぷ,スクールアイドルの休日 総集編I (ラブライブ! サンシャイン!!),あるぷ,(C94) 渡辺の休日 (ラブライブ! サンシャイン!!),あるぷ,,,,local tag semantics + example titles/authors,
艾爾登法環,艾爾登法環,艾爾登法環,,FANDOM_IP,作品、游戏、动画或系列IP,CORE,HIGH_PRECISION_ANCHOR,OK,True,high,ACCEPT_HIGH_CONF,KEEP_CANONICAL,False,3,0.0016731734523145,3,0.0014577259475218,7.243681345907899,21.7310440377237,UNKNOWN,UNKNOWN,UNRESOLVED,PRIMARY,永遠の女神マリカ | 永恒的女神 玛莉卡,Aoin,黄金樹麓 (エルデンリング),Aoin,艾尔登法环-梅琳娜,爆机少女喵小吉,,,,local tag semantics + example titles/authors,
背德 / 禁斷,背德 / 禁斷,背德 / 禁斷,,STORY_TROPE,叙事套路或剧情关系主题,CORE,HIGH_PRECISION_ANCHOR,OK,True,high,ACCEPT_HIGH_CONF,KEEP_CANONICAL,False,3,0.0016731734523145,3,0.0014577259475218,7.243681345907899,21.7310440377237,UNKNOWN,UNKNOWN,UNRESOLVED,PRIMARY,砂糖菓子より甘いこと。 + 4Pリーフレット,こしの,(C107) やさしさの意図,心友,お弁当屋さんの裏稼業,白野じん,,,,local tag semantics + example titles/authors,
二棒同穴,二棒同穴,二棒同穴,,SEXUAL_BEHAVIOR,行为类内容标签,CORE,HIGH_PRECISION_ANCHOR,OK,True,high,ACCEPT_HIGH_CONF,KEEP_CANONICAL,False,3,0.0016731734523145,3,0.0014577259475218,7.243681345907899,21.7310440377237,UNKNOWN,UNKNOWN,UNRESOLVED,PRIMARY,[PIXIV] XMC [104685880]（AI）,XMC,愚妻の戯れ 愚妻的戲弄,宏式,极品家丁 昔游后记,无名,,,,local tag semantics + example titles/authors,
髮交,髮交,髮交,,SEXUAL_BEHAVIOR,行为类内容标签,CORE,HIGH_PRECISION_ANCHOR,OK,True,high,ACCEPT_HIGH_CONF,KEEP_CANONICAL,False,3,0.0016731734523145,3,0.0014577259475218,7.243681345907899,21.7310440377237,UNKNOWN,UNKNOWN,UNRESOLVED,PRIMARY,最愛の彼女に合意の上、過去の男に抱かれてもらった。(オリジナル),眠井ねず、どえむたん,あの、もう1回しませんか...？,ろうか,あいぞめ 愛嬌滿溢,あきのそら,,,,local tag semantics + example titles/authors,
鬼滅之刃:胡蝶忍,鬼滅之刃:胡蝶忍,鬼滅之刃:胡蝶忍,鬼滅之刃,FANDOM_CHARACTER,作品/IP中的具体角色,CORE,HIGH_PRECISION_ANCHOR,OK,True,high,ACCEPT_HIGH_CONF,KEEP_CANONICAL,False,3,0.0016731734523145,3,0.0014577259475218,7.243681345907899,21.7310440377237,UNKNOWN,UNKNOWN,UNRESOLVED,PRIMARY,胡蝶しのぶ姦 ～寝ている間におっさん鬼に犯される～ (鬼滅の刃) [中国翻訳] [DL版],まー九郎,鬼滅の遊女胡蝶しのぶ (鬼滅の刃) [中国翻訳] [DL版],まー九郎,[Pixiv] 阿戈魔AGM (20670939),阿戈魔AGM,,,,local tag semantics + example titles/authors,
輝夜大小姐,輝夜大小姐,輝夜大小姐,,FANDOM_IP,作品、游戏、动画或系列IP,CORE,HIGH_PRECISION_ANCHOR,OK,True,high,ACCEPT_HIGH_CONF,KEEP_CANONICAL,False,3,0.0016731734523145,3,0.0014577259475218,7.243681345907899,21.7310440377237,UNKNOWN,UNKNOWN,UNRESOLVED,PRIMARY,藤原千花大小姐的诱骗胁迫奸淫（辉夜大小姐想让我告白同人H）,毒猫ノイル,早坂愛はHなメイド (かぐや様は告らせたい),まー九郎,毒猫ノイル | まー九郎,,,,,local tag semantics + example titles/authors,
火影,火影,火影,,FANDOM_IP,作品、游戏、动画或系列IP,CORE,HIGH_PRECISION_ANCHOR,OK,True,high,ACCEPT_HIGH_CONF,KEEP_CANONICAL,False,3,0.0016731734523145,3,0.0014577259475218,7.243681345907899,21.7310440377237,UNKNOWN,UNKNOWN,UNRESOLVED,PRIMARY,射爆忍村-木叶人妻会 催●おじさんに支配された山中家、托卵精子で家系図上書き妊娠中,パニックアメリカ,定制性爱玩偶奖励机器人（74老师原创系强暴H）,ratatatat74,Hinata bunny（AI）,Blitzzone,,,,local tag semantics + example titles/authors,
肌肉女,肌肉女,肌肉女,,APPEARANCE_TRAIT,外貌、发型、肤色或体型特征,CORE,HIGH_PRECISION_ANCHOR,OK,True,high,ACCEPT_HIGH_CONF,KEEP_CANONICAL,False,3,0.0016731734523145,3,0.0014577259475218,7.243681345907899,21.7310440377237,UNKNOWN,UNKNOWN,UNRESOLVED,PRIMARY,モモ色鬼退治 (COMIC 快楽天 2024年6月号),アシオミマサト,身近なあの子が抜いてくれるピンサロEX,ミシマサイコ,モンスターガールズの恋色サーカス,GEN,,,,local tag semantics + example titles/authors,
近親相交: 妹,近親相交: 妹,近親相交: 妹,,RELATIONSHIP,关系、亲属或年龄关系,CORE,HIGH_PRECISION_ANCHOR,OK,True,high,ACCEPT_HIGH_CONF,KEEP_CANONICAL,False,3,0.0016731734523145,3,0.0014577259475218,7.243681345907899,21.7310440377237,UNKNOWN,UNKNOWN,UNRESOLVED,PRIMARY,ツンデレ妹との日常 | 与傲娇妹妹的日常,あいらんどう,あの娘の境界線 那女孩的境界線,おそまつ,純愛リリシズム,美矢火,,,,local tag semantics + example titles/authors,
近親相交: 姊,近親相交: 姊,近親相交: 姊,,RELATIONSHIP,关系、亲属或年龄关系,CORE,HIGH_PRECISION_ANCHOR,OK,True,high,ACCEPT_HIGH_CONF,KEEP_CANONICAL,False,3,0.0016731734523145,3,0.0014577259475218,7.243681345907899,21.7310440377237,UNKNOWN,UNKNOWN,UNRESOLVED,PRIMARY,もう、姉として認識できない。｜我没办法再把她当作姐姐 [中国翻译] [無修正],いーなん,姉と僕の淫らな秘密 姊與我間淫猥的秘密,東西,シンクローむ,ゼロの者,,,,local tag semantics + example titles/authors,
恐怖,恐怖,恐怖,,GENRE_THEME,题材、类型或整体主题,CORE,SECONDARY_RECALL,OK,True,high,ACCEPT_HIGH_CONF,KEEP_CANONICAL,False,3,0.0016731734523145,3,0.0014577259475218,7.243681345907899,21.7310440377237,UNKNOWN,UNKNOWN,UNRESOLVED,PRIMARY,Room13 (コミックホットミルク 2026年1月号),じゃが山たらヲ,閲覧不能-惨-,岩崎ユウキ,閲覧注意,岩崎ユウキ,,,,local tag semantics + example titles/authors,
女警,女警,女警,,IDENTITY_ROLE,人物身份、职业或社会角色,CORE,HIGH_PRECISION_ANCHOR,OK,True,high,ACCEPT_HIGH_CONF,KEEP_CANONICAL,False,3,0.0016731734523145,3,0.0014577259475218,7.243681345907899,21.7310440377237,UNKNOWN,UNKNOWN,UNRESOLVED,PRIMARY,狂爱大学警察轮奸学系·吴夏天警长（强制肉便器权熙珍番外篇）,LUXsumildo,SEX POLICE <勃起対策部>宇都宮沙希の日常,七原冬雪,[Pixiv] 阿戈魔AGM (20670939),阿戈魔AGM,,,,local tag semantics + example titles/authors,
女忍,女忍,女忍,,IDENTITY_ROLE,人物身份、职业或社会角色,CORE,HIGH_PRECISION_ANCHOR,OK,True,high,ACCEPT_HIGH_CONF,KEEP_CANONICAL,False,3,0.0016731734523145,3,0.0014577259475218,7.243681345907899,21.7310440377237,UNKNOWN,UNKNOWN,UNRESOLVED,PRIMARY,射爆忍村-木叶人妻会 催●おじさんに支配された山中家、托卵精子で家系図上書き妊娠中,パニックアメリカ,Hinata bunny（AI）,Blitzzone,妻低,跳馬遊鹿,,,,local tag semantics + example titles/authors,
拳交,拳交,拳交,,SEXUAL_BEHAVIOR,行为类内容标签,CORE,HIGH_PRECISION_ANCHOR,OK,True,high,ACCEPT_HIGH_CONF,KEEP_CANONICAL,False,3,0.0016731734523145,3,0.0014577259475218,7.243681345907899,21.7310440377237,UNKNOWN,UNKNOWN,UNRESOLVED,PRIMARY,モンスターガールズの恋色サーカス,GEN,地下帝国の虜囚,貂,夏の巣,clone人間,,,,local tag semantics + example titles/authors,
實用工具書,實用工具書,實用工具書,,FORMAT,作品载体或内容格式,MODIFIER,MODIFIER_ONLY,OK,True,high,ACCEPT_HIGH_CONF,KEEP_CANONICAL,False,3,0.0016731734523145,3,0.0014577259475218,7.243681345907899,21.7310440377237,UNKNOWN,UNKNOWN,UNRESOLVED,PRIMARY,膣性感開発 中イキ完全マニュアル イラスト版｜內部攻略！圖解陰道快感開發･高潮完全指南,由良橋勢,陰核愛撫・クリイキ完全マニュアル イラスト版……らぶクリ！,由良橋勢,完全实用版 成人漫画没告诉你的性爱真相,Post Media编辑部,,,,local tag semantics + example titles/authors,
史萊姆,史萊姆,史萊姆,,SPECIES_FANTASY,物种、非人或幻想角色类型,CORE,HIGH_PRECISION_ANCHOR,OK,True,high,ACCEPT_HIGH_CONF,KEEP_CANONICAL,False,3,0.0016731734523145,3,0.0014577259475218,7.243681345907899,21.7310440377237,UNKNOWN,UNKNOWN,UNRESOLVED,PRIMARY,レベル1 (コミックアンリアル 2017年2月号 Vol.65),甘蜜こうすけ,星期一的丰满/月曜日のたわわ その1-598,比村奇石,俺の師匠は性欲処理の上手い無感情スライム剣聖,ラブ,,,,local tag semantics + example titles/authors,
侍應/服務員,侍應/服務員,侍應/服務員,,IDENTITY_ROLE,人物身份、职业或社会角色,CORE,HIGH_PRECISION_ANCHOR,OK,True,high,ACCEPT_HIGH_CONF,KEEP_CANONICAL,False,3,0.0016731734523145,3,0.0014577259475218,7.243681345907899,21.7310440377237,UNKNOWN,UNKNOWN,UNRESOLVED,PRIMARY,ナイショのご奉仕 (COMIC 天魔 2016年4月号),森島コン,ふしだら吐息 淫亂微熱吐息,雛咲葉,乳恋！,オクモト悠太,,,,local tag semantics + example titles/authors,
守望先锋,守望先锋,守望先锋,,FANDOM_IP,作品、游戏、动画或系列IP,CORE,HIGH_PRECISION_ANCHOR,OK,True,high,ACCEPT_HIGH_CONF,KEEP_CANONICAL,False,3,0.0016731734523145,3,0.0014577259475218,7.243681345907899,21.7310440377237,UNKNOWN,UNKNOWN,UNRESOLVED,PRIMARY,大师Kidmo无码全集▲更新【英雄联盟阿狸 灵魂莲华】,Kidmo,sakimichan合集（131）,sakimichan,HELLP ME PLS,Boole,,,,local tag semantics + example titles/authors,
叔父,叔父,叔父,,RELATIONSHIP,关系、亲属或年龄关系,CORE,HIGH_PRECISION_ANCHOR,OK,True,high,ACCEPT_HIGH_CONF,KEEP_CANONICAL,False,3,0.0016731734523145,3,0.0014577259475218,7.243681345907899,21.7310440377237,UNKNOWN,UNKNOWN,UNRESOLVED,PRIMARY,四十九日の棘 (コミック エグゼ 55),ひなづか凉,とある夏、姪とふたりきり。,うまくち醤油,義父に抱かれる妻 由衣編3,かにぐるま,,,,local tag semantics + example titles/authors,
睡奸,睡奸,睡姦,,CONTROL_COERCION,控制、约束或非自愿情境标签,CORE,HIGH_PRECISION_ANCHOR,OK,True,high,ACCEPT_HIGH_CONF,MERGE_ALIAS,False,3,0.0016731734523145,3,0.0014577259475218,7.243681345907899,21.7310440377237,UNKNOWN,UNKNOWN,UNRESOLVED,PRIMARY,ブラック企業の仮眠室がヤリ部屋になってた話 | 黑心企业的休息室化为炮房的故事,大島あき,雷電将軍   Raiden Shogun（OL）[AI Generated],Paperhero,斗破苍穹之淫宗肆虐（AI生成）,AELLOW,,,,local tag semantics + example titles/authors,
一拳: 吹雪,一拳: 吹雪,一拳: 吹雪,一拳超人,FANDOM_CHARACTER,作品/IP中的具体角色,CORE,HIGH_PRECISION_ANCHOR,OK,True,high,ACCEPT_HIGH_CONF,KEEP_CANONICAL,False,3,0.0016731734523145,3,0.0014577259475218,7.243681345907899,21.7310440377237,UNKNOWN,UNKNOWN,UNRESOLVED,PRIMARY,ONE-HURRICANE6.5 (ワンパンマン),清炭ハリケーン,Fubuki (One Punch Man),TTF,年年 吹雪,年年,,,,local tag semantics + example titles/authors,
"醫生",醫生,醫生,,IDENTITY_ROLE,人物身份、职业或社会角色,CORE,HIGH_PRECISION_ANCHOR,OK,True,high,ACCEPT_HIGH_CONF,KEEP_CANONICAL,False,3,0.0016731734523145,3,0.0014577259475218,7.243681345907899,21.7310440377237,UNKNOWN,UNKNOWN,UNRESOLVED,PRIMARY,バイタルヘブン (COMIC 快楽天ビースト 2022年6月号),kakao,NO猥婦 NO LIFE!,chin,ラブラリアット！,kakao,,,,local tag semantics + example titles/authors,
陰蒂環,陰蒂環,陰蒂環,,BODY_ATTRIBUTE,身体或解剖属性,CORE,HIGH_PRECISION_ANCHOR,OK,True,high,ACCEPT_HIGH_CONF,KEEP_CANONICAL,False,3,0.0016731734523145,3,0.0014577259475218,7.243681345907899,21.7310440377237,UNKNOWN,UNKNOWN,UNRESOLVED,PRIMARY,パパ様専用いいなりアイドル,はにわ帝国,极品家丁 昔游后记,无名,极品家丁 宁坠篇,无名,,,,local tag semantics + example titles/authors,
澡堂,澡堂,澡堂,,SETTING_LOCATION,地点或场景设定,SECONDARY,SECONDARY_RECALL,OK,True,high,ACCEPT_HIGH_CONF,KEEP_CANONICAL,False,3,0.0016731734523145,3,0.0014577259475218,7.243681345907899,21.7310440377237,UNKNOWN,UNKNOWN,UNRESOLVED,PRIMARY,スクールアイドルの休日 総集編I (ラブライブ! サンシャイン!!),あるぷ,銭湯の女将さん~涼子さん,桜の灯る日へ,蕩蕩と濁濁,越山弱衰,,,,local tag semantics + example titles/authors,
FGO: 貞德,fgo: 貞德,Fate / Grand Order: 貞德,Fate / Grand Order,FANDOM_CHARACTER,作品/IP中的具体角色,CORE,HIGH_PRECISION_ANCHOR,OK,True,high,ACCEPT_HIGH_CONF,MERGE_ALIAS,False,3,0.0016731734523145,3,0.0014577259475218,7.243681345907899,21.7310440377237,UNKNOWN,UNKNOWN,UNRESOLVED,PRIMARY,(C104)  Carnal Chaldea 6 (Fate/Grand Order) [中国翻訳],ミサカ12003,(C94)  立香君の災難? 狙われた子羊!! (Fate/Grand Order) [中国翻訳],ズッキーニ,[Twitter] hxD,hxD,,,,local tag semantics + example titles/authors,
RE: 雷姆,re: 雷姆,Re:從零開始的異世界生活: 雷姆,Re:從零開始的異世界生活,FANDOM_CHARACTER,作品/IP中的具体角色,CORE,HIGH_PRECISION_ANCHOR,OK,True,high,ACCEPT_HIGH_CONF,MERGE_ALIAS,False,3,0.0016731734523145,3,0.0014577259475218,7.243681345907899,21.7310440377237,UNKNOWN,UNKNOWN,UNRESOLVED,PRIMARY,爆机少女喵小吉 - Re：从零开始的夜生活,爆机少女喵小吉,sakimichan合集（131）,sakimichan,爆机少女喵小吉 | sakimichan,fate / grand order | pokemon | fate: 櫻 | fate/stay night,,,,local tag semantics + example titles/authors,
日常,日常,日常,,GENRE_THEME,题材、类型或整体主题,CORE,SECONDARY_RECALL,OK,True,high,ACCEPT_HIGH_CONF,KEEP_CANONICAL,False,3,0.0016731734523145,3,0.0014577259475218,7.243681345907899,21.7310440377237,KNOWN,GENRE_SETTING,SECONDARY,PRIMARY,星期一的丰满/月曜日のたわわ  至128话,比村奇石,生徒会長の日常,うこ,琉璃龙龙,眞藤雅興,,,,local tag semantics + example titles/authors,
原神:申鶴,原神:申鶴,原神:申鶴,原神,FANDOM_CHARACTER,作品/IP中的具体角色,CORE,HIGH_PRECISION_ANCHOR,OK,True,high,ACCEPT_HIGH_CONF,KEEP_CANONICAL,False,3,0.0016731734523145,3,0.0014577259475218,7.243681345907899,21.7310440377237,KNOWN,FANDOM_IP,CORE,PRIMARY,[FANBOX] 閑雲：空の試練 +空の試練2 (原神) [中国翻訳],KeinV,申鹤 (原神) [中国翻訳],Monaim,申鶴 1,MANA,,,,local tag semantics + example titles/authors,
原神:優菈,原神:優菈,原神:優菈,原神,FANDOM_CHARACTER,作品/IP中的具体角色,CORE,HIGH_PRECISION_ANCHOR,OK,True,high,ACCEPT_HIGH_CONF,KEEP_CANONICAL,False,3,0.0016731734523145,3,0.0014577259475218,7.243681345907899,21.7310440377237,KNOWN,FANDOM_IP,CORE,PRIMARY,(C102)  吹き荒ぶ冬風 (原神) [中国翻訳],チャパ仮,九言 - 优菈,九言,原神まとめ,サテー(syatey@聖牌戦争,,,,local tag semantics + example titles/authors,
FATE: 士狼,fate: 士狼,FATE: 士狼,Fate系列,FANDOM_CHARACTER,作品/IP中的具体角色,CORE,HIGH_PRECISION_ANCHOR,OK,True,high,ACCEPT_HIGH_CONF,KEEP_CANONICAL,False,3,0.0016731734523145,3,0.0014577259475218,7.243681345907899,21.7310440377237,KNOWN,FANDOM_IP,CORE,PRIMARY,R.O.D 19 -Rider or Die- (Fate/hollow ataraxia) [中国翻訳] [DL版],綾野なおと,(C97)ライダーさんの看病。(Fate/stay night),柳,FSN四大美女,Zucchini,,,,local tag semantics + example titles/authors,
C100,c100,C100,,PUBLICATION_EVENT,展会/场次/发布事件来源,IGNORE,EXCLUDE,OK,False,high,ACCEPT_HIGH_CONF,KEEP_CANONICAL,False,3,0.0016731734523145,3,0.0014577259475218,7.243681345907899,21.7310440377237,EXCLUDED,EVENT_SOURCE,IGNORE,NONE,家出JKちゃんを泊めてあげたら僕の家がヤリ部屋に,福永ゆきと,ワイルド式日本人妻の寝取り方 総集編,黒巣ガタリ,晩御飯のおすそわけ,悠久ポン酢,,,,local tag semantics + example titles/authors,
C103,c103,C103,,PUBLICATION_EVENT,展会/场次/发布事件来源,IGNORE,EXCLUDE,OK,False,high,ACCEPT_HIGH_CONF,KEEP_CANONICAL,False,3,0.0016731734523145,3,0.0014577259475218,7.243681345907899,21.7310440377237,EXCLUDED,EVENT_SOURCE,IGNORE,NONE,Dessert Syndrome (アイドルマスター シャイニーカラーズ),YD,-Blu-Blu-,MIN-NARAKEN,溺愛観察日記,おるとろ,,,,local tag semantics + example titles/authors,
C90,c90,C90,,PUBLICATION_EVENT,展会/场次/发布事件来源,IGNORE,EXCLUDE,OK,False,high,ACCEPT_HIGH_CONF,KEEP_CANONICAL,False,3,0.0016731734523145,3,0.0014577259475218,7.243681345907899,21.7310440377237,EXCLUDED,EVENT_SOURCE,IGNORE,NONE,(C90) シンアイマックスマッタナシ！3 (アイドルマスター シンデレラガールズ),Sian,サキュラの磔刑 | 沙裘拉之磔刑 (Bloodborne),袁藤冲人,消えたる夜煙 (グランブルーファンタジー),橘由宇,,,,local tag semantics + example titles/authors,
C98,c98,C98,,PUBLICATION_EVENT,展会/场次/发布事件来源,IGNORE,EXCLUDE,OK,False,high,ACCEPT_HIGH_CONF,KEEP_CANONICAL,False,3,0.0016731734523145,3,0.0014577259475218,7.243681345907899,21.7310440377237,EXCLUDED,EVENT_SOURCE,IGNORE,NONE,ごめんなさい主さま/真的非常抱歉主人1-3 (プリンセスコネクト!Re：Dive) [中国翻訳] [無修正] [DL版],かろちー,(C98)淫溺の令嬢5～冷たいくちづけ～ + 蜜瓜特典 [中国翻訳],クロエ,異世界ハーレム物語5~5.5～対決!!淫乱サキュバス姉妹!～,立花オミナ,,,,local tag semantics + example titles/authors,
C99,c99,C99,,PUBLICATION_EVENT,展会/场次/发布事件来源,IGNORE,EXCLUDE,OK,False,high,ACCEPT_HIGH_CONF,KEEP_CANONICAL,False,3,0.0016731734523145,3,0.0014577259475218,7.243681345907899,21.7310440377237,EXCLUDED,EVENT_SOURCE,IGNORE,NONE,ごめんなさい主さま/真的非常抱歉主人1-3 (プリンセスコネクト!Re：Dive) [中国翻訳] [無修正] [DL版],かろちー,(C99) 三柿野さんの学性生活 | 三柿野的學性生活,笹森トモエ,戦いに負けた少女の記録 ～カオリ編～,スギユウ,,,,local tag semantics + example titles/authors,
三穴,三穴,三穴,,SEXUAL_BEHAVIOR,行为类内容标签,CORE,HIGH_PRECISION_ANCHOR,OK,True,high,ACCEPT_HIGH_CONF,KEEP_CANONICAL,False,3,0.0016731734523145,4,0.0019436345966958,7.0205377945936895,21.06161338378107,UNKNOWN,UNKNOWN,UNRESOLVED,PRIMARY,ワカラセ総集編～終わらない悪夢と溺れるオンナたち～＋新規描き下ろし漫画２１ページ[中国翻译],むうつき、雪仁,新人女教師 新條優子 下,鬼ノ仁,愚妻の戯れ 愚妻的戲弄,宏式,,,,local tag semantics + example titles/authors,
脫糞,脫糞,脫糞,,PHYSIOLOGY_STATE,生理、身体状态或生殖状态,CORE,HIGH_PRECISION_ANCHOR,OK,True,high,ACCEPT_HIGH_CONF,KEEP_CANONICAL,False,3,0.0016731734523145,4,0.0019436345966958,7.0205377945936895,21.06161338378107,UNKNOWN,UNKNOWN,UNRESOLVED,PRIMARY,娘の次はママオナホ・オナホ合宿＃2 + おまけ[无修正] [中国翻訳] [DL版],どくろさん,ボクのいいなり吉川先生,おるとろ,地下帝国の虜囚,貂,,,,local tag semantics + example titles/authors,
3D,3d,3D,,VISUAL_STYLE,画面表现或视觉风格,MODIFIER,MODIFIER_ONLY,OK,True,high,ACCEPT_HIGH_CONF,KEEP_CANONICAL,False,3,0.0016731734523145,5,0.0024295432458697,6.838216237799735,20.514648713399204,KNOWN,VISUAL_STYLE,MODIFIER,SECONDARY,【3D】百合CG集-Classmate,H.txt,LOSTNIGHT 迷夜少女,幽玄花,エルフメイドの調教白書,なでしこさん,,,,local tag semantics + example titles/authors,
WEBTOON,webtoon,WEBTOON,,FORMAT,作品载体或内容格式,MODIFIER,MODIFIER_ONLY,OK,True,high,ACCEPT_HIGH_CONF,KEEP_CANONICAL,False,3,0.0016731734523145,6,0.0029154518950437,6.684065557972477,20.05219667391743,UNKNOWN,UNKNOWN,UNRESOLVED,PRIMARY,迷宫干/던전 속 사정,雷巴,美丽新世界,高孙志/伊坤志,难缠小恶女,安德鲁&Gokkio,,,,local tag semantics + example titles/authors,
霸凌,霸凌,霸凌,,CONTROL_COERCION,控制、约束或非自愿情境标签,CORE,HIGH_PRECISION_ANCHOR,OK,True,high,ACCEPT_HIGH_CONF,KEEP_CANONICAL,False,2,0.0011154489682097,2,0.0009718172983479,7.53136341835968,15.06272683671936,UNKNOWN,UNKNOWN,UNRESOLVED,PRIMARY,姉を売った…,inono,圣母的审判,亀島潤斗 カズキ,inono | 亀島潤斗 カズキ,,,,,local tag semantics + example titles/authors,
半人馬,半人馬,半人馬,,SPECIES_FANTASY,物种、非人或幻想角色类型,CORE,HIGH_PRECISION_ANCHOR,OK,True,high,ACCEPT_HIGH_CONF,KEEP_CANONICAL,False,2,0.0011154489682097,2,0.0009718172983479,7.53136341835968,15.06272683671936,UNKNOWN,UNKNOWN,UNRESOLVED,PRIMARY,敗北エルフ〜オークの強制アクメ調教〜,もり苔,モンスターガールズの恋色サーカス,GEN,もり苔 | GEN,,,,,local tag semantics + example titles/authors,
婊子,婊子,婊子,,IDENTITY_ROLE,人物身份、职业或社会角色,CORE,HIGH_PRECISION_ANCHOR,OK,True,high,ACCEPT_HIGH_CONF,KEEP_CANONICAL,False,2,0.0011154489682097,2,0.0009718172983479,7.53136341835968,15.06272683671936,UNKNOWN,UNKNOWN,UNRESOLVED,PRIMARY,アザトメイキング 初回限定版 小惡魔安里的特輯 新增無修正 無碼,みちきんぐ,僕の彼女は、僕とはセックスしたくない,えこひいき,みちきんぐ | えこひいき,,,,,local tag semantics + example titles/authors,
病嬌,病嬌,病嬌,,IDENTITY_ROLE,人物身份、职业或社会角色,CORE,HIGH_PRECISION_ANCHOR,OK,True,high,ACCEPT_HIGH_CONF,KEEP_CANONICAL,False,2,0.0011154489682097,2,0.0009718172983479,7.53136341835968,15.06272683671936,UNKNOWN,UNKNOWN,UNRESOLVED,PRIMARY,義妹性タイムリープ依存症 ~総集編~,赤薄紅,近所の女の子,ぽりうれたん,赤薄紅 | ぽりうれたん,,,,,local tag semantics + example titles/authors,
處男,處男,處男,,PHYSIOLOGY_STATE,生理、身体状态或生殖状态,CORE,HIGH_PRECISION_ANCHOR,OK,True,high,ACCEPT_HIGH_CONF,KEEP_CANONICAL,False,2,0.0011154489682097,2,0.0009718172983479,7.53136341835968,15.06272683671936,UNKNOWN,UNKNOWN,UNRESOLVED,PRIMARY,去恋爱去感触（恋して触れて [DL版]）[中国翻译],ちょりもっき,众星捧月的那个女生居然…,パイレーツキャット,ちょりもっき | パイレーツキャット,,,,,local tag semantics + example titles/authors,
分娩,分娩,分娩,,PHYSIOLOGY_STATE,生理、身体状态或生殖状态,CORE,HIGH_PRECISION_ANCHOR,OK,True,high,ACCEPT_HIGH_CONF,KEEP_CANONICAL,False,2,0.0011154489682097,2,0.0009718172983479,7.53136341835968,15.06272683671936,UNKNOWN,UNKNOWN,UNRESOLVED,PRIMARY,冒険者ちゃんとえっちな冒険1,レフトハンド,生殖者 [中国翻訳],貂,レフトハンド | 貂,,,,,local tag semantics + example titles/authors,
機械姦,機械姦,機械姦,,SEXUAL_BEHAVIOR,行为类内容标签,CORE,HIGH_PRECISION_ANCHOR,OK,True,high,ACCEPT_HIGH_CONF,KEEP_CANONICAL,False,2,0.0011154489682097,2,0.0009718172983479,7.53136341835968,15.06272683671936,UNKNOWN,UNKNOWN,UNRESOLVED,PRIMARY,NON VIRGIN,織田non,堕ちる時はメスの顔,ジンナイ,織田non | ジンナイ,,,,,local tag semantics + example titles/authors,
艦娘,艦娘,艦隊Collection,,FANDOM_IP,作品、游戏、动画或系列IP,CORE,HIGH_PRECISION_ANCHOR,OK,True,high,ACCEPT_HIGH_CONF,MERGE_ALIAS,False,2,0.0011154489682097,2,0.0009718172983479,7.53136341835968,15.06272683671936,UNKNOWN,UNKNOWN,UNRESOLVED,PRIMARY,時雨ハニードッグ (艦隊これくしょん -艦これ-) [DL版],うまくち醤油,欲火焚身了属于是（Niro）,niro26,うまくち醤油 | niro26,fate/zero,,,,local tag semantics + example titles/authors,
進擊的巨人,進擊的巨人,進擊的巨人,,FANDOM_IP,作品、游戏、动画或系列IP,CORE,HIGH_PRECISION_ANCHOR,OK,True,high,ACCEPT_HIGH_CONF,KEEP_CANONICAL,False,2,0.0011154489682097,2,0.0009718172983479,7.53136341835968,15.06272683671936,UNKNOWN,UNKNOWN,UNRESOLVED,PRIMARY,进击的巨人 (单行本补全),谏山创,進撃の幼馴染,あきかん,谏山创 | あきかん,,,,,local tag semantics + example titles/authors,
進擊的巨人: 三笠,進擊的巨人: 三笠,進擊的巨人: 三笠,進擊的巨人,FANDOM_CHARACTER,作品/IP中的具体角色,CORE,HIGH_PRECISION_ANCHOR,OK,True,high,ACCEPT_HIGH_CONF,KEEP_CANONICAL,False,2,0.0011154489682097,2,0.0009718172983479,7.53136341835968,15.06272683671936,UNKNOWN,UNKNOWN,UNRESOLVED,PRIMARY,进击的巨人 (单行本补全),谏山创,進撃の幼馴染,あきかん,谏山创 | あきかん,,,,,local tag semantics + example titles/authors,
軍服,軍服,軍服,,APPEARANCE_OUTFIT,服装、配饰或造型,CORE,HIGH_PRECISION_ANCHOR,OK,True,high,ACCEPT_HIGH_CONF,KEEP_CANONICAL,False,2,0.0011154489682097,2,0.0009718172983479,7.53136341835968,15.06272683671936,UNKNOWN,UNKNOWN,UNRESOLVED,PRIMARY,性爱部队的女军人们（LUX轮奸·强暴合集）,LUXsumildo,軍隊式射精管理,露々々木もげら,LUXsumildo | 露々々木もげら,,,,,local tag semantics + example titles/authors,
昆蟲,昆蟲,昆蟲,,SPECIES_FANTASY,物种、非人或幻想角色类型,CORE,HIGH_PRECISION_ANCHOR,OK,True,high,ACCEPT_HIGH_CONF,KEEP_CANONICAL,False,2,0.0011154489682097,2,0.0009718172983479,7.53136341835968,15.06272683671936,UNKNOWN,UNKNOWN,UNRESOLVED,PRIMARY,生殖者 [中国翻訳],貂,昆蟲姦察,CYCLET,貂 | CYCLET,,,,,local tag semantics + example titles/authors,
靈異/驚悚,靈異/驚悚,靈異/驚悚,,GENRE_THEME,题材、类型或整体主题,CORE,SECONDARY_RECALL,OK,True,high,ACCEPT_HIGH_CONF,KEEP_CANONICAL,False,2,0.0011154489682097,2,0.0009718172983479,7.53136341835968,15.06272683671936,UNKNOWN,UNKNOWN,UNRESOLVED,PRIMARY,蜂須賀家のコトリバコ | 蜂須賀家的取子箱,露々々木もげら,圣母的审判,亀島潤斗 カズキ,露々々木もげら | 亀島潤斗 カズキ,,,,,local tag semantics + example titles/authors,
猫女,猫女,猫女,,SPECIES_FANTASY,物种、非人或幻想角色类型,CORE,HIGH_PRECISION_ANCHOR,OK,True,high,ACCEPT_HIGH_CONF,KEEP_CANONICAL,False,2,0.0011154489682097,2,0.0009718172983479,7.53136341835968,15.06272683671936,UNKNOWN,UNKNOWN,UNRESOLVED,PRIMARY,喵小吉cosplay合集,爆机少女喵小吉,たべごろバニー発情中♥,すーぱーぞんび,爆机少女喵小吉 | すーぱーぞんび,原神,,,,local tag semantics + example titles/authors,
年齡差,年齡差,年齡差,,RELATIONSHIP,关系、亲属或年龄关系,CORE,HIGH_PRECISION_ANCHOR,OK,True,high,ACCEPT_HIGH_CONF,KEEP_CANONICAL,False,2,0.0011154489682097,2,0.0009718172983479,7.53136341835968,15.06272683671936,UNKNOWN,UNKNOWN,UNRESOLVED,PRIMARY,なおちゃんNTR～好きになった人は、幼なじみのお父さんでした。～ | 奈央，NTR,山本ともみつ,身長差百合,m k,山本ともみつ | m k,,,,,local tag semantics + example titles/authors,
氣味控,氣味控,氣味控,,FETISH_TROPE,特殊偏好或机制型标签,CORE,HIGH_PRECISION_ANCHOR,OK,True,high,ACCEPT_HIGH_CONF,KEEP_CANONICAL,False,2,0.0011154489682097,2,0.0009718172983479,7.53136341835968,15.06272683671936,UNKNOWN,UNKNOWN,UNRESOLVED,PRIMARY,嗅がずにはいられない‼ (COMIC 快楽天 2022年2月号),柚十扇,近親相愛,江森うき,柚十扇 | 江森うき,,,,,local tag semantics + example titles/authors,
乳頭交,乳頭交,乳頭交,,SEXUAL_BEHAVIOR,行为类内容标签,CORE,HIGH_PRECISION_ANCHOR,OK,True,high,ACCEPT_HIGH_CONF,KEEP_CANONICAL,False,2,0.0011154489682097,2,0.0009718172983479,7.53136341835968,15.06272683671936,UNKNOWN,UNKNOWN,UNRESOLVED,PRIMARY,ぬちゃぬるアルトリア (Fate/Grand Order) [DL版],キャンベル議長,地下帝国の虜囚,貂,キャンベル議長 | 貂,fate / grand order,,,,local tag semantics + example titles/authors,
乳頭責,乳頭責,乳頭責,,SEXUAL_BEHAVIOR,行为类内容标签,CORE,HIGH_PRECISION_ANCHOR,OK,True,high,ACCEPT_HIGH_CONF,KEEP_CANONICAL,False,2,0.0011154489682097,2,0.0009718172983479,7.53136341835968,15.06272683671936,UNKNOWN,UNKNOWN,UNRESOLVED,PRIMARY,极品家丁 宁坠篇,无名,飞机杯女神连线中,"一日三尻,不倒翁,灰背隼","无名 | 一日三尻,不倒翁,灰背隼",,,,,local tag semantics + example titles/authors,
時間停止,時間停止,時間停止,,CONTROL_COERCION,控制、约束或非自愿情境标签,CORE,HIGH_PRECISION_ANCHOR,OK,True,high,ACCEPT_HIGH_CONF,KEEP_CANONICAL,False,2,0.0011154489682097,2,0.0009718172983479,7.53136341835968,15.06272683671936,UNKNOWN,UNKNOWN,UNRESOLVED,PRIMARY,被修改常识与时间停止的罗德岛妓院（明日方舟同人H）,paofan,本当にいた!!時間停止おじさん4,かみ田,paofan | かみ田,,,,,local tag semantics + example titles/authors,
無男性,無男性,無男性,,STORY_TROPE,叙事套路或剧情关系主题,CORE,HIGH_PRECISION_ANCHOR,OK,True,high,ACCEPT_HIGH_CONF,KEEP_CANONICAL,False,2,0.0011154489682097,2,0.0009718172983479,7.53136341835968,15.06272683671936,UNKNOWN,UNKNOWN,UNRESOLVED,PRIMARY,[Pixiv] 僵僵僵酱 (9565067),僵僵僵酱,妈妈发现了女儿珍藏的母女乱伦小说！,ちぃま,僵僵僵酱 | ちぃま,原神:雷電將軍 | 原神,,,,local tag semantics + example titles/authors,
性招待,性招待,性招待,,CONTROL_COERCION,控制、约束或非自愿情境标签,CORE,HIGH_PRECISION_ANCHOR,OK,True,high,ACCEPT_HIGH_CONF,KEEP_CANONICAL,False,2,0.0011154489682097,2,0.0009718172983479,7.53136341835968,15.06272683671936,UNKNOWN,UNKNOWN,UNRESOLVED,PRIMARY,HoneyBunny~落ちたのはウサギたちの巣穴でした~,柏木存美,ヒトヅマノヒミツ 淫人妻們的性秘密,終焉,柏木存美 | 終焉,,,,,local tag semantics + example titles/authors,
雪女,雪女,雪女,,SPECIES_FANTASY,物种、非人或幻想角色类型,CORE,HIGH_PRECISION_ANCHOR,OK,True,high,ACCEPT_HIGH_CONF,KEEP_CANONICAL,False,2,0.0011154489682097,2,0.0009718172983479,7.53136341835968,15.06272683671936,UNKNOWN,UNKNOWN,UNRESOLVED,PRIMARY,人付き合いが苦手な未亡人の雪女さんと呪いの指輪 [中国翻訳],ぷぅ崎ぷぅ奈,人付き合いが苦手な未亡人の雪女さんと呪いの指輪2,ぷぅのぷぅぷぅぷぅ,ぷぅ崎ぷぅ奈 | ぷぅのぷぅぷぅぷぅ,,,,,local tag semantics + example titles/authors,
血腥,血腥,血腥,,GENRE_THEME,题材、类型或整体主题,CORE,SECONDARY_RECALL,OK,True,high,ACCEPT_HIGH_CONF,KEEP_CANONICAL,False,2,0.0011154489682097,2,0.0009718172983479,7.53136341835968,15.06272683671936,UNKNOWN,UNKNOWN,UNRESOLVED,PRIMARY,永世流轉 Ⅱ,黒青郎君,閲覧注意,岩崎ユウキ,黒青郎君 | 岩崎ユウキ,,,,,local tag semantics + example titles/authors,
陰蒂責,陰蒂責,陰蒂責,,SEXUAL_BEHAVIOR,行为类内容标签,CORE,HIGH_PRECISION_ANCHOR,OK,True,high,ACCEPT_HIGH_CONF,KEEP_CANONICAL,False,2,0.0011154489682097,2,0.0009718172983479,7.53136341835968,15.06272683671936,UNKNOWN,UNKNOWN,UNRESOLVED,PRIMARY,极品家丁 昔游后记,无名,飞机杯女神连线中,"一日三尻,不倒翁,灰背隼","无名 | 一日三尻,不倒翁,灰背隼",,,,,local tag semantics + example titles/authors,
英雄聯盟: 阿璃,英雄聯盟: 阿璃,英雄聯盟: 阿璃,英雄聯盟,FANDOM_CHARACTER,作品/IP中的具体角色,CORE,HIGH_PRECISION_ANCHOR,OK,True,high,ACCEPT_HIGH_CONF,KEEP_CANONICAL,False,2,0.0011154489682097,2,0.0009718172983479,7.53136341835968,15.06272683671936,UNKNOWN,UNKNOWN,UNRESOLVED,PRIMARY,sakimichan合集（131）,sakimichan,Ahri's Extra Work,Hoobamon,sakimichan | Hoobamon,fate / grand order | pokemon | fate: 櫻 | fate/stay night,,,,local tag semantics + example titles/authors,
葬送的芙莉蓮,葬送的芙莉蓮,葬送的芙莉蓮,,FANDOM_IP,作品、游戏、动画或系列IP,CORE,HIGH_PRECISION_ANCHOR,OK,True,high,ACCEPT_HIGH_CONF,KEEP_CANONICAL,False,2,0.0011154489682097,2,0.0009718172983479,7.53136341835968,15.06272683671936,UNKNOWN,UNKNOWN,UNRESOLVED,PRIMARY,フェルンとシュタルクが純情いちゃらぶ本気セックスする話 | 菲伦和休塔尔克被撮合着进行了纯情又甜蜜的正经性爱的故事,やぶ丸、Ekubu、鮫作野郎,ち〇ち〇が大きくなる魔法,珍緑,やぶ丸、Ekubu、鮫作野郎 | 珍緑,,,,,local tag semantics + example titles/authors,
職場,職場,職場,,SETTING_LOCATION,地点或场景设定,SECONDARY,SECONDARY_RECALL,OK,True,high,ACCEPT_HIGH_CONF,KEEP_CANONICAL,False,2,0.0011154489682097,2,0.0009718172983479,7.53136341835968,15.06272683671936,UNKNOWN,UNKNOWN,UNRESOLVED,PRIMARY,宮原先輩と藤原くん  フジクマくんのせいで、ぬいぐるみを卒業？！| 宮原前輩和藤原後輩,つきのおまめ,まりあ様の誓約～私と上司の主従関係～玛丽亚主人的誓约～ 我和上司的主从关系～,心友,つきのおまめ | 心友,,,,,local tag semantics + example titles/authors,
子宮頸,子宮頸,子宮頸,,BODY_ATTRIBUTE,身体或解剖属性,CORE,HIGH_PRECISION_ANCHOR,OK,True,high,ACCEPT_HIGH_CONF,KEEP_CANONICAL,False,2,0.0011154489682097,2,0.0009718172983479,7.53136341835968,15.06272683671936,UNKNOWN,UNKNOWN,UNRESOLVED,PRIMARY,サキュラの磔刑 | 沙裘拉之磔刑 (Bloodborne),袁藤冲人,[無修正] [熟肉] MANA短篇漫画大合集,MANA,袁藤冲人 | MANA,原神 | fate / grand order,,,,local tag semantics + example titles/authors,
BG,bg,BG,,AUDIENCE_ORIENTATION,受众/配对方向或关系取向,CORE,HIGH_PRECISION_ANCHOR,OK,True,high,ACCEPT_HIGH_CONF,KEEP_CANONICAL,False,2,0.0011154489682097,2,0.0009718172983479,7.53136341835968,15.06272683671936,UNKNOWN,UNKNOWN,UNRESOLVED,PRIMARY,崭露头角的演员给我发了私信,犬,恋与魔法与无限幻想,たぬま,犬 | たぬま,,,,,local tag semantics + example titles/authors,
COMIC X-EROS,comic x-eros,COMIC X-EROS,,PUBLICATION_SOURCE,杂志或出版来源,IGNORE,EXCLUDE,OK,False,high,ACCEPT_HIGH_CONF,KEEP_CANONICAL,False,2,0.0011154489682097,2,0.0009718172983479,7.53136341835968,15.06272683671936,UNKNOWN,UNKNOWN,UNRESOLVED,PRIMARY,侵略♥インキュバス (COMIC X-EROS #50),水平線,精靈新娘 (エルフの嫁入り),Okito Endo,水平線 | Okito Endo,,,,,local tag semantics + example titles/authors,
FF7: 艾麗絲,ff7: 艾麗絲,FF7: 艾麗絲,Final Fantasy VII,FANDOM_CHARACTER,作品/IP中的具体角色,CORE,HIGH_PRECISION_ANCHOR,OK,True,high,ACCEPT_HIGH_CONF,KEEP_CANONICAL,False,2,0.0011154489682097,2,0.0009718172983479,7.53136341835968,15.06272683671936,UNKNOWN,UNKNOWN,UNRESOLVED,PRIMARY,Shaeunderscore - Aerith Water,Shaeunderscore,陪酒女&售花女,Aoin,Shaeunderscore | Aoin,,,,,local tag semantics + example titles/authors,
FGO: 沖田總司,fgo: 沖田總司,Fate / Grand Order: 沖田總司,Fate / Grand Order,FANDOM_CHARACTER,作品/IP中的具体角色,CORE,HIGH_PRECISION_ANCHOR,OK,True,high,ACCEPT_HIGH_CONF,MERGE_ALIAS,False,2,0.0011154489682097,2,0.0009718172983479,7.53136341835968,15.06272683671936,UNKNOWN,UNKNOWN,UNRESOLVED,PRIMARY,(C97)Carnal Chaldea 4 (Fate/Grand Order),ミサカ12003,[Twitter] hxD,hxD,ミサカ12003 | hxD,fate / grand order,,,,local tag semantics + example titles/authors,
furry,furry,furry,,SPECIES_FANTASY,物种、非人或幻想角色类型,CORE,HIGH_PRECISION_ANCHOR,OK,True,high,ACCEPT_HIGH_CONF,KEEP_CANONICAL,False,2,0.0011154489682097,2,0.0009718172983479,7.53136341835968,15.06272683671936,UNKNOWN,UNKNOWN,UNRESOLVED,PRIMARY,雑貨屋を営む俺と毎日店に通う小さいフェネック種のお姉さんシリーズ｜开杂货店的我与每天来光顾的小型狐族姐姐 [中国翻译],犬魔人,亜人がお好きなんですね,Jun,犬魔人 | Jun,,,,,local tag semantics + example titles/authors,
SAO: 阿詩娜,sao: 阿詩娜,刀劍神域: 阿詩娜,刀劍神域,FANDOM_CHARACTER,作品/IP中的具体角色,CORE,HIGH_PRECISION_ANCHOR,OK,True,high,ACCEPT_HIGH_CONF,MERGE_ALIAS,False,2,0.0011154489682097,2,0.0009718172983479,7.53136341835968,15.06272683671936,UNKNOWN,UNKNOWN,UNRESOLVED,PRIMARY,(サンクリ2023 Spring)   あすなま9 (ソードアート・オンライン),Ken-1,催●支配された桐ヶ谷家,にゆさーら,Ken-1 | にゆさーら,,,,,local tag semantics + example titles/authors,
Vtuber,vtuber,Vtuber,,IDENTITY_ROLE,人物身份、职业或社会角色,CORE,HIGH_PRECISION_ANCHOR,OK,True,high,ACCEPT_HIGH_CONF,KEEP_CANONICAL,False,2,0.0011154489682097,2,0.0009718172983479,7.53136341835968,15.06272683671936,UNKNOWN,UNKNOWN,UNRESOLVED,PRIMARY,(C100)  お嬢様の秘密ですわ! (壱百満天原サロメ) [中国翻訳],黒小枝,シスタークレアと淫らな秘密と噂の催眠アプリ,藤崎ひかり,黒小枝 | 藤崎ひかり,,,,,local tag semantics + example titles/authors,
崩壞：星穹鐵道,崩壞:星穹鐵道,崩壞：星穹鐵道,,FANDOM_IP,作品、游戏、动画或系列IP,CORE,HIGH_PRECISION_ANCHOR,OK,True,high,ACCEPT_HIGH_CONF,KEEP_CANONICAL,False,2,0.0011154489682097,2,0.0009718172983479,7.53136341835968,15.06272683671936,KNOWN,FANDOM_IP,CORE,PRIMARY,(C102)  Star Rail✦MaMa. 上 (崩壊スターレイル) [中国翻訳],ミサカ12003,肉欲蜜乳~高赞榨精系综漫性交合集（明日方舟·原神等H）,Dodok,ミサカ12003 | Dodok,崩壞:星穹鐵道 | 原神,,,,local tag semantics + example titles/authors,
戀愛喜劇,戀愛喜劇,戀愛喜劇,,GENRE_THEME,题材、类型或整体主题,CORE,SECONDARY_RECALL,OK,True,high,ACCEPT_HIGH_CONF,KEEP_CANONICAL,False,2,0.0011154489682097,2,0.0009718172983479,7.53136341835968,15.06272683671936,KNOWN,GENRE_SETTING,SECONDARY,PRIMARY,比羅坂日菜子がエロかわいいことを俺だけが知っている／比羅坂日菜子發情超可愛這件事只有我知道 1-44话,绀矢ユキオ,四月是你的谎言,新川直司,绀矢ユキオ | 新川直司,,,,,local tag semantics + example titles/authors,
麻痺藥,麻痺藥,麻痺藥,,CONTROL_COERCION,控制、约束或非自愿情境标签,CORE,HIGH_PRECISION_ANCHOR,OK,True,high,ACCEPT_HIGH_CONF,KEEP_CANONICAL,False,2,0.0011154489682097,2,0.0009718172983479,7.53136341835968,15.06272683671936,KNOWN,FETISH_TROPE,CORE,PRIMARY,遠い君に、僕は届かない 君至彼方、已非吾能企及 新增 無修正 無碼,二峰跨人,女教師に告ぐ～国語教師 春日美奈子編～,木静謙二,二峰跨人 | 木静謙二,,,,,local tag semantics + example titles/authors,
魔法少女☆伊莉雅,魔法少女☆伊莉雅,魔法少女☆伊莉雅,,FANDOM_IP,作品、游戏、动画或系列IP,CORE,HIGH_PRECISION_ANCHOR,OK,True,high,ACCEPT_HIGH_CONF,KEEP_CANONICAL,False,2,0.0011154489682097,2,0.0009718172983479,7.53136341835968,15.06272683671936,KNOWN,RELATIONSHIP_TROPE,CORE,PRIMARY,(C95) 檻の中のイリヤちゃん～魔法少女～ (Fate／kaleid liner プリズマ☆イリヤ),スギユウ,欲火焚身了属于是（Niro）,niro26,スギユウ | niro26,fate/zero,,,,local tag semantics + example titles/authors,
魔法少女☆伊莉雅: 伊莉雅,魔法少女☆伊莉雅: 伊莉雅,魔法少女☆伊莉雅: 伊莉雅,Fate/kaleid liner 魔法少女☆伊莉雅,FANDOM_CHARACTER,作品/IP中的具体角色,CORE,HIGH_PRECISION_ANCHOR,OK,True,high,ACCEPT_HIGH_CONF,KEEP_CANONICAL,False,2,0.0011154489682097,2,0.0009718172983479,7.53136341835968,15.06272683671936,KNOWN,RELATIONSHIP_TROPE,CORE,PRIMARY,(COMIC1☆15)  イリヤちゃんのイロイロ (Fate/kaleid liner プリズマ☆イリヤ),スギユウ,(C95) 檻の中のイリヤちゃん～魔法少女～ (Fate／kaleid liner プリズマ☆イリヤ),スギユウ,スギユウ,,,,,local tag semantics + example titles/authors,
少女前線,少女前線,少女前線,,FANDOM_IP,作品、游戏、动画或系列IP,CORE,HIGH_PRECISION_ANCHOR,OK,True,high,ACCEPT_HIGH_CONF,KEEP_CANONICAL,False,2,0.0011154489682097,2,0.0009718172983479,7.53136341835968,15.06272683671936,KNOWN,RELATIONSHIP_TROPE,CORE,PRIMARY,九言 刘易斯,九言,九言,,,,,,,local tag semantics + example titles/authors,
原神:八重神子,原神:八重神子,原神:八重神子,原神,FANDOM_CHARACTER,作品/IP中的具体角色,CORE,HIGH_PRECISION_ANCHOR,OK,True,high,ACCEPT_HIGH_CONF,KEEP_CANONICAL,False,2,0.0011154489682097,2,0.0009718172983479,7.53136341835968,15.06272683671936,KNOWN,FANDOM_IP,CORE,PRIMARY,[PIXIV] XMC [104685880]（AI）,XMC,進擊的丘丘人,色孽神選,XMC | 色孽神選,原神:八重神子 | 原神:神裡綾華 | 原神:宵宮 | 原神:熒 | 原神,,,,local tag semantics + example titles/authors,
原神:琴,原神:琴,原神:琴,原神,FANDOM_CHARACTER,作品/IP中的具体角色,CORE,HIGH_PRECISION_ANCHOR,OK,True,high,ACCEPT_HIGH_CONF,KEEP_CANONICAL,False,2,0.0011154489682097,2,0.0009718172983479,7.53136341835968,15.06272683671936,KNOWN,FANDOM_IP,CORE,PRIMARY,(C102)  吹き荒ぶ冬風 (原神) [中国翻訳],チャパ仮,原神まとめ,サテー(syatey@聖牌戦争,チャパ仮 | サテー(syatey@聖牌戦争,原神:琴 | 原神:優菈 | 原神 | 原神:安柏 | 原神:芭芭拉,,,,local tag semantics + example titles/authors,
BAD END,bad end,BAD END,,STORY_TROPE,叙事套路或剧情关系主题,CORE,HIGH_PRECISION_ANCHOR,OK,True,high,ACCEPT_HIGH_CONF,KEEP_CANONICAL,False,2,0.0011154489682097,2,0.0009718172983479,7.53136341835968,15.06272683671936,KNOWN,STORY_THEME,CORE,PRIMARY,进击的巨人 (单行本补全),谏山创,四月是你的谎言,新川直司,谏山创 | 新川直司,,,,,local tag semantics + example titles/authors,
FATE: 騎兵 RIDER,fate: 騎兵 rider,FATE: 騎兵 RIDER,Fate系列,FANDOM_CHARACTER,作品/IP中的具体角色,CORE,HIGH_PRECISION_ANCHOR,OK,True,high,ACCEPT_HIGH_CONF,KEEP_CANONICAL,False,2,0.0011154489682097,2,0.0009718172983479,7.53136341835968,15.06272683671936,KNOWN,FANDOM_IP,CORE,PRIMARY,R.O.D 19 -Rider or Die- (Fate/hollow ataraxia) [中国翻訳] [DL版],綾野なおと,(C97)ライダーさんの看病。(Fate/stay night),柳,綾野なおと | 柳,fate: 騎兵 rider | fate: 士狼 | fate / grand order | fate/stay night,,,,local tag semantics + example titles/authors,
FATE: 櫻,fate: 櫻,FATE: 櫻,Fate系列,FANDOM_CHARACTER,作品/IP中的具体角色,CORE,HIGH_PRECISION_ANCHOR,OK,True,high,ACCEPT_HIGH_CONF,KEEP_CANONICAL,False,2,0.0011154489682097,2,0.0009718172983479,7.53136341835968,15.06272683671936,KNOWN,FANDOM_IP,CORE,PRIMARY,sakimichan合集（131）,sakimichan,FSN四大美女,Zucchini,sakimichan | Zucchini,fate / grand order | pokemon | fate: 櫻 | fate/stay night | fate: 澟,,,,local tag semantics + example titles/authors,
FATE/Stay Night,fate/stay night,FATE/Stay Night,,FANDOM_IP,作品、游戏、动画或系列IP,CORE,HIGH_PRECISION_ANCHOR,OK,True,high,ACCEPT_HIGH_CONF,KEEP_CANONICAL,False,2,0.0011154489682097,2,0.0009718172983479,7.53136341835968,15.06272683671936,KNOWN,FANDOM_IP,CORE,PRIMARY,(C97)ライダーさんの看病。(Fate/stay night),柳,sakimichan合集（131）,sakimichan,柳 | sakimichan,fate / grand order | fate/stay night | fate: 士狼 | fate: 騎兵 rider | pokemon,,,,local tag semantics + example titles/authors,
LOVELIVE: 小希,lovelive: 小希,LOVELIVE: 小希,LoveLive!,FANDOM_CHARACTER,作品/IP中的具体角色,CORE,HIGH_PRECISION_ANCHOR,OK,True,high,ACCEPT_HIGH_CONF,KEEP_CANONICAL,False,2,0.0011154489682097,2,0.0009718172983479,7.53136341835968,15.06272683671936,KNOWN,FANDOM_IP,CORE,PRIMARY,What is this thing called love? 2 (ラブライブ!),大槍葦人,おまけ漫画 (ラブライブ!) [中国翻訳],あるぷ,大槍葦人 | あるぷ,lovelive | lovelive: 小希 | lovelive: 繪理 | lovelive: 小鳥 | lovelive: 海未,,,,local tag semantics + example titles/authors,
C107,c107,C107,,PUBLICATION_EVENT,展会/场次/发布事件来源,IGNORE,EXCLUDE,OK,False,high,ACCEPT_HIGH_CONF,KEEP_CANONICAL,False,2,0.0011154489682097,2,0.0009718172983479,7.53136341835968,15.06272683671936,EXCLUDED,EVENT_SOURCE,IGNORE,NONE,女性専用マンションに若い男は僕一人 | 女性专用公寓之中年轻男性仅我一名,立花オミナ,家出したらお姉さんに拾われる話 | 离家出走后被大姐姐给捡回家的故事,gaku,立花オミナ | gaku,,,,,local tag semantics + example titles/authors,
C88,c88,C88,,PUBLICATION_EVENT,展会/场次/发布事件来源,IGNORE,EXCLUDE,OK,False,high,ACCEPT_HIGH_CONF,KEEP_CANONICAL,False,2,0.0011154489682097,2,0.0009718172983479,7.53136341835968,15.06272683671936,EXCLUDED,EVENT_SOURCE,IGNORE,NONE,OFF SHOT 1/2/3 (偶像大师 灰姑娘女孩),大槍葦人,(C88) HAMON (機動戦士ガンダム)_4,clone人間,大槍葦人 | clone人間,偶像大師 | 偶像大師灰姑娘 | 偶像大師灰姑娘: 渋谷凛 | 偶像大師灰姑娘: 安娜斯塔西婭 | 偶像大師灰姑娘: 輿水幸子,,,,local tag semantics + example titles/authors,
C92,c92,C92,,PUBLICATION_EVENT,展会/场次/发布事件来源,IGNORE,EXCLUDE,OK,False,high,ACCEPT_HIGH_CONF,KEEP_CANONICAL,False,2,0.0011154489682097,2,0.0009718172983479,7.53136341835968,15.06272683671936,EXCLUDED,EVENT_SOURCE,IGNORE,NONE,ナルメアと一緒にHな鍛錬 (グランブルーファンタジー),Sayika,姉弟における性交渉の記録,稲荷,Sayika | 稲荷,,,,,local tag semantics + example titles/authors,
辦公室,辦公室,辦公室,,SETTING_LOCATION,地点或场景设定,SECONDARY,SECONDARY_RECALL,OK,True,high,ACCEPT_HIGH_CONF,KEEP_CANONICAL,False,2,0.0011154489682097,3,0.0014577259475218,7.243681345907899,14.487362691815798,UNKNOWN,UNKNOWN,UNRESOLVED,PRIMARY,村又さんの秘密 村又小姐的秘密,井雲くす,誘惑オフィス,東西,井雲くす | 東西,,,,,local tag semantics + example titles/authors,
放置,放置,放置,,CONTROL_COERCION,控制、约束或非自愿情境标签,CORE,HIGH_PRECISION_ANCHOR,OK,True,high,ACCEPT_HIGH_CONF,KEEP_CANONICAL,False,2,0.0011154489682097,3,0.0014577259475218,7.243681345907899,14.487362691815798,UNKNOWN,UNKNOWN,UNRESOLVED,PRIMARY,(C98)淫溺の令嬢5～冷たいくちづけ～ + 蜜瓜特典 [中国翻訳],クロエ,黒髪女の筆おろし 〜秘密の部屋で中出しさせてあげるわ〜,津差宇土,クロエ | 津差宇土,,,,,local tag semantics + example titles/authors,
監禁,監禁,監禁,,CONTROL_COERCION,控制、约束或非自愿情境标签,CORE,HIGH_PRECISION_ANCHOR,OK,True,high,ACCEPT_HIGH_CONF,KEEP_CANONICAL,False,2,0.0011154489682097,3,0.0014577259475218,7.243681345907899,14.487362691815798,UNKNOWN,UNKNOWN,UNRESOLVED,PRIMARY,深愛の隣人警官～檻の中の妻は抱かれ続けてNTRれる～ | 鄰居警官用情至深~把移情別戀的妻子拘禁在牢籠裡夜夜笙歌~,もぎりおちぎ,見知らぬ女子校生に監禁された時の話 ~if~ALLCOLOR,全角14字,もぎりおちぎ | 全角14字,,,,,local tag semantics + example titles/authors,
戀母情結,戀母情結,戀母情結,,RELATIONSHIP,关系、亲属或年龄关系,CORE,HIGH_PRECISION_ANCHOR,OK,True,high,ACCEPT_HIGH_CONF,KEEP_CANONICAL,False,2,0.0011154489682097,3,0.0014577259475218,7.243681345907899,14.487362691815798,UNKNOWN,UNKNOWN,UNRESOLVED,PRIMARY,妈妈发现了女儿珍藏的母女乱伦小说！,ちぃま,大好きな母さんと中出し母子相姦,純正九蓮宝燈,ちぃま | 純正九蓮宝燈,,,,,local tag semantics + example titles/authors,
青春,青春,青春,,GENRE_THEME,题材、类型或整体主题,CORE,SECONDARY_RECALL,OK,True,high,ACCEPT_HIGH_CONF,KEEP_CANONICAL,False,2,0.0011154489682097,3,0.0014577259475218,7.243681345907899,14.487362691815798,UNKNOWN,UNKNOWN,UNRESOLVED,PRIMARY,頬、濡らすように恋をして 淚水、沾濕臉頰的戀情 薄碼特裝版,ひなづか凉,四月是你的谎言,新川直司,ひなづか凉 | 新川直司,,,,,local tag semantics + example titles/authors,
妊娠,妊娠,妊娠,,PHYSIOLOGY_STATE,生理、身体状态或生殖状态,CORE,HIGH_PRECISION_ANCHOR,OK,True,high,ACCEPT_HIGH_CONF,KEEP_CANONICAL,False,2,0.0011154489682097,3,0.0014577259475218,7.243681345907899,14.487362691815798,UNKNOWN,UNKNOWN,UNRESOLVED,PRIMARY,冒険者ちゃんとえっちな冒険1-3,レフトハンド,ELF HUNT + ペーパー,史鬼匠人,レフトハンド | 史鬼匠人,,,,,local tag semantics + example titles/authors,
肉體改造,肉體改造,肉體改造,,BODY_ATTRIBUTE,身体或解剖属性,CORE,HIGH_PRECISION_ANCHOR,OK,True,high,ACCEPT_HIGH_CONF,KEEP_CANONICAL,False,2,0.0011154489682097,3,0.0014577259475218,7.243681345907899,14.487362691815798,UNKNOWN,UNKNOWN,UNRESOLVED,PRIMARY,エローナ オークの淫紋に侵された女騎士の末路,山田ゴゴゴ,生殖者 [中国翻訳],貂,山田ゴゴゴ | 貂,,,,,local tag semantics + example titles/authors,
獸交,獸交,獸交,,SEXUAL_BEHAVIOR,行为类内容标签,CORE,HIGH_PRECISION_ANCHOR,OK,True,high,ACCEPT_HIGH_CONF,KEEP_CANONICAL,False,2,0.0011154489682097,3,0.0014577259475218,7.243681345907899,14.487362691815798,UNKNOWN,UNKNOWN,UNRESOLVED,PRIMARY,肉欲蜜乳~高赞榨精系综漫性交合集（明日方舟·原神等H）,Dodok,BUZAMA東方(壊) (東方Project),にゅう,Dodok | にゅう,原神 | 崩壞:星穹鐵道,,,,local tag semantics + example titles/authors,
偽娘,偽娘,偽娘,,IDENTITY_ROLE,人物身份、职业或社会角色,CORE,HIGH_PRECISION_ANCHOR,OK,True,high,ACCEPT_HIGH_CONF,KEEP_CANONICAL,False,2,0.0011154489682097,3,0.0014577259475218,7.243681345907899,14.487362691815798,UNKNOWN,UNKNOWN,UNRESOLVED,PRIMARY,ナマチチマラトロピクン + メロンブックス限定購入特典[無修正],鬼頭サケル,NECROPHILIS Omnibus,おはぎさん,鬼頭サケル | おはぎさん,,,,,local tag semantics + example titles/authors,
東方,東方,東方,,FANDOM_IP,作品、游戏、动画或系列IP,CORE,HIGH_PRECISION_ANCHOR,OK,True,high,ACCEPT_HIGH_CONF,KEEP_CANONICAL,False,2,0.0011154489682097,3,0.0014577259475218,7.243681345907899,14.487362691815798,KNOWN,FANDOM_IP,CORE,PRIMARY,お百度上手の早苗さん (東方Project),みちきんぐ,十六夜咲夜は譲らない (東方Project),真夜中足穂,みちきんぐ | 真夜中足穂,東方 | 東方: 東風谷早苗 | 東方: 咲夜,,,,local tag semantics + example titles/authors,
復仇,復仇,復仇,,STORY_TROPE,叙事套路或剧情关系主题,CORE,HIGH_PRECISION_ANCHOR,OK,True,high,ACCEPT_HIGH_CONF,KEEP_CANONICAL,False,2,0.0011154489682097,3,0.0014577259475218,7.243681345907899,14.487362691815798,KNOWN,STORY_THEME,CORE,PRIMARY,原神まとめ,サテー(syatey@聖牌戦争,圣母的审判,亀島潤斗 カズキ,サテー(syatey@聖牌戦争 | 亀島潤斗 カズキ,原神 | 原神:琴 | 原神:安柏 | 原神:芭芭拉 | 原神:優菈,,,,local tag semantics + example titles/authors,
C84,c84,C84,,PUBLICATION_EVENT,展会/场次/发布事件来源,IGNORE,EXCLUDE,OK,False,high,ACCEPT_HIGH_CONF,KEEP_CANONICAL,False,2,0.0011154489682097,3,0.0014577259475218,7.243681345907899,14.487362691815798,EXCLUDED,EVENT_SOURCE,IGNORE,NONE,(C84) シンアイマックスマッタナシ! (アイドルマスター シンデレラガールズ),Sian,進撃の幼馴染,あきかん,Sian | あきかん,偶像大師 | 偶像大師灰姑娘,,,,local tag semantics + example titles/authors,
嗶咔團長推薦,嗶咔團長推薦,嗶咔團長推薦,,META_ADMIN,平台或内容管理元数据,IGNORE,EXCLUDE,OK,False,high,ACCEPT_HIGH_CONF,KEEP_CANONICAL,False,1,0.0005577244841048,1,0.0004859086491739,7.936828526467844,7.936828526467844,UNKNOWN,UNKNOWN,UNRESOLVED,PRIMARY,ぷにかの [無修正],ぴょん吉,ぴょん吉,,,,,,,local tag semantics + example titles/authors,
碧藍航線: 胡德,碧藍航線: 胡德,碧藍航線: 胡德,碧藍航線,FANDOM_CHARACTER,作品/IP中的具体角色,CORE,HIGH_PRECISION_ANCHOR,OK,True,high,ACCEPT_HIGH_CONF,KEEP_CANONICAL,False,1,0.0005577244841048,1,0.0004859086491739,7.936828526467844,7.936828526467844,UNKNOWN,UNKNOWN,UNRESOLVED,PRIMARY,(サンクリ2019 Summer) 親愛なるあなたへ (アズールレーン),カグユヅ,カグユヅ,,,,,,,local tag semantics + example titles/authors,
壁尻,壁尻,壁尻,,SEXUAL_BEHAVIOR,行为类内容标签,CORE,HIGH_PRECISION_ANCHOR,OK,True,high,ACCEPT_HIGH_CONF,KEEP_CANONICAL,False,1,0.0005577244841048,1,0.0004859086491739,7.936828526467844,7.936828526467844,UNKNOWN,UNKNOWN,UNRESOLVED,PRIMARY,1K/3万まんこ付き物件─203号室,武者サブ,武者サブ,,,,,,,local tag semantics + example titles/authors,
壁紙,壁紙,壁紙,,FORMAT,作品载体或内容格式,MODIFIER,MODIFIER_ONLY,OK,True,high,ACCEPT_HIGH_CONF,KEEP_CANONICAL,False,1,0.0005577244841048,1,0.0004859086491739,7.936828526467844,7.936828526467844,UNKNOWN,UNKNOWN,UNRESOLVED,PRIMARY,赛博朋克 2077 & Edgerunners / 官方艺术设定集 & 官方壁纸 &官方漫画,CD Projekt Red,CD Projekt Red,,,,,,,local tag semantics + example titles/authors,
冰菓: 千反田愛瑠,冰菓: 千反田愛瑠,冰菓: 千反田愛瑠,冰菓,FANDOM_CHARACTER,作品/IP中的具体角色,CORE,HIGH_PRECISION_ANCHOR,OK,True,high,ACCEPT_HIGH_CONF,KEEP_CANONICAL,False,1,0.0005577244841048,1,0.0004859086491739,7.936828526467844,7.936828526467844,UNKNOWN,UNKNOWN,UNRESOLVED,PRIMARY,恥辱の痴漢電車3 ～人妻車内強制授乳～,クロエ,クロエ,,,,,,,local tag semantics + example titles/authors,
冰菓: 入須冬實,冰菓: 入須冬實,冰菓: 入須冬實,冰菓,FANDOM_CHARACTER,作品/IP中的具体角色,CORE,HIGH_PRECISION_ANCHOR,OK,True,high,ACCEPT_HIGH_CONF,KEEP_CANONICAL,False,1,0.0005577244841048,1,0.0004859086491739,7.936828526467844,7.936828526467844,UNKNOWN,UNKNOWN,UNRESOLVED,PRIMARY,恥辱の痴漢電車3 ～人妻車内強制授乳～,クロエ,クロエ,,,,,,,local tag semantics + example titles/authors,
超能力,超能力,超能力,,GENRE_THEME,题材、类型或整体主题,CORE,SECONDARY_RECALL,OK,True,high,ACCEPT_HIGH_CONF,KEEP_CANONICAL,False,1,0.0005577244841048,1,0.0004859086491739,7.936828526467844,7.936828526467844,UNKNOWN,UNKNOWN,UNRESOLVED,PRIMARY,俺のARメガネは義妹の様々な数値が見える?! | 我的AR眼鏡能看到義妹的各種數值？！,pz-x,pz-x,,,,,,,local tag semantics + example titles/authors,
抽象,抽象,抽象,,VISUAL_STYLE,画面表现或视觉风格,MODIFIER,MODIFIER_ONLY,OK,True,high,ACCEPT_HIGH_CONF,KEEP_CANONICAL,False,1,0.0005577244841048,1,0.0004859086491739,7.936828526467844,7.936828526467844,UNKNOWN,UNKNOWN,UNRESOLVED,PRIMARY,极品家丁 昔游后记,无名,无名,,,,,,,local tag semantics + example titles/authors,
穿越時空,穿越時空,穿越時空,,GENRE_THEME,题材、类型或整体主题,CORE,SECONDARY_RECALL,OK,True,high,ACCEPT_HIGH_CONF,KEEP_CANONICAL,False,1,0.0005577244841048,1,0.0004859086491739,7.936828526467844,7.936828526467844,UNKNOWN,UNKNOWN,UNRESOLVED,PRIMARY,昔の姿に戻った妻とのセックスは浮気ですか？,はつやすみ,はつやすみ,,,,,,,local tag semantics + example titles/authors,
雌小鬼,雌小鬼,雌小鬼,,IDENTITY_ROLE,人物身份、职业或社会角色,CORE,HIGH_PRECISION_ANCHOR,OK,True,high,ACCEPT_HIGH_CONF,KEEP_CANONICAL,False,1,0.0005577244841048,1,0.0004859086491739,7.936828526467844,7.936828526467844,UNKNOWN,UNKNOWN,UNRESOLVED,PRIMARY,ぽるこれ カースト上位のあの子は実は淫乱ドスケベ痴女-総集編- | 春色收藏 身为同龄人婆罗门的她其实是荒淫无度的痴女-总集篇-,パイレーツキャット,パイレーツキャット,,,,,,,local tag semantics + example titles/authors,
催淚,催淚,催淚,,GENRE_THEME,题材、类型或整体主题,CORE,SECONDARY_RECALL,OK,True,high,ACCEPT_HIGH_CONF,KEEP_CANONICAL,False,1,0.0005577244841048,1,0.0004859086491739,7.936828526467844,7.936828526467844,UNKNOWN,UNKNOWN,UNRESOLVED,PRIMARY,四月是你的谎言,新川直司,新川直司,,,,,,,local tag semantics + example titles/authors,
大便,大便,大便,,PHYSIOLOGY_STATE,生理、身体状态或生殖状态,CORE,HIGH_PRECISION_ANCHOR,OK,True,high,ACCEPT_HIGH_CONF,KEEP_CANONICAL,False,1,0.0005577244841048,1,0.0004859086491739,7.936828526467844,7.936828526467844,UNKNOWN,UNKNOWN,UNRESOLVED,PRIMARY,地下帝国の虜囚,貂,貂,,,,,,,local tag semantics + example titles/authors,
刀劍神域,刀劍神域,刀劍神域,,FANDOM_IP,作品、游戏、动画或系列IP,CORE,HIGH_PRECISION_ANCHOR,OK,True,high,ACCEPT_HIGH_CONF,KEEP_CANONICAL,False,1,0.0005577244841048,1,0.0004859086491739,7.936828526467844,7.936828526467844,UNKNOWN,UNKNOWN,UNRESOLVED,PRIMARY,催●支配された桐ヶ谷家,にゆさーら,にゆさーら,,,,,,,local tag semantics + example titles/authors,
地下城,地下城,地下城,,SETTING_LOCATION,地点或场景设定,SECONDARY,SECONDARY_RECALL,OK,True,high,ACCEPT_HIGH_CONF,KEEP_CANONICAL,False,1,0.0005577244841048,1,0.0004859086491739,7.936828526467844,7.936828526467844,UNKNOWN,UNKNOWN,UNRESOLVED,PRIMARY,魔王城的魅魔们VS.淫纹术师,一ノ瀬ランド,一ノ瀬ランド,,,,,,,local tag semantics + example titles/authors,
電子毒 / 遊戲,電子毒 / 遊戲,電子毒 / 遊戲,,GENRE_THEME,题材、类型或整体主题,CORE,SECONDARY_RECALL,OK,True,high,ACCEPT_HIGH_CONF,KEEP_CANONICAL,False,1,0.0005577244841048,1,0.0004859086491739,7.936828526467844,7.936828526467844,UNKNOWN,UNKNOWN,UNRESOLVED,PRIMARY,俺だけのAI彼女がNTRれる,明日葉もふ,明日葉もふ,,,,,,,local tag semantics + example titles/authors,
肥宅,肥宅,肥宅,,IDENTITY_ROLE,人物身份、职业或社会角色,CORE,HIGH_PRECISION_ANCHOR,OK,True,high,ACCEPT_HIGH_CONF,KEEP_CANONICAL,False,1,0.0005577244841048,1,0.0004859086491739,7.936828526467844,7.936828526467844,UNKNOWN,UNKNOWN,UNRESOLVED,PRIMARY,ボクのいいなり吉川先生,おるとろ,おるとろ,,,,,,,local tag semantics + example titles/authors,
付喪神,付喪神,付喪神,,SPECIES_FANTASY,物种、非人或幻想角色类型,CORE,HIGH_PRECISION_ANCHOR,OK,True,high,ACCEPT_HIGH_CONF,KEEP_CANONICAL,False,1,0.0005577244841048,1,0.0004859086491739,7.936828526467844,7.936828526467844,UNKNOWN,UNKNOWN,UNRESOLVED,PRIMARY,つくもがみ,flanvia,flanvia,,,,,,,local tag semantics + example titles/authors,
孤獨搖滾,孤獨搖滾,孤獨搖滾,,FANDOM_IP,作品、游戏、动画或系列IP,CORE,HIGH_PRECISION_ANCHOR,OK,True,high,ACCEPT_HIGH_CONF,KEEP_CANONICAL,False,1,0.0005577244841048,1,0.0004859086491739,7.936828526467844,7.936828526467844,UNKNOWN,UNKNOWN,UNRESOLVED,PRIMARY,後藤ひとりに悪いことをする話【前編】+【後編】 (ぼっち・ざ・ろっく!),毒猫ノイル,毒猫ノイル,,,,,,,local tag semantics + example titles/authors,
灌腸,灌腸,灌腸,,SEXUAL_BEHAVIOR,行为类内容标签,CORE,HIGH_PRECISION_ANCHOR,OK,True,high,ACCEPT_HIGH_CONF,KEEP_CANONICAL,False,1,0.0005577244841048,1,0.0004859086491739,7.936828526467844,7.936828526467844,UNKNOWN,UNKNOWN,UNRESOLVED,PRIMARY,おしりの穴でだけだから...,なだゆい,なだゆい,,,,,,,local tag semantics + example titles/authors,
海賊王,海賊王,海賊王,,FANDOM_IP,作品、游戏、动画或系列IP,CORE,HIGH_PRECISION_ANCHOR,OK,True,high,ACCEPT_HIGH_CONF,KEEP_CANONICAL,False,1,0.0005577244841048,1,0.0004859086491739,7.936828526467844,7.936828526467844,UNKNOWN,UNKNOWN,UNRESOLVED,PRIMARY,定制性爱玩偶奖励机器人（74老师原创系强暴H）,ratatatat74,ratatatat74,,,,,,,local tag semantics + example titles/authors,
黃毛,黃毛,黃毛,,IDENTITY_ROLE,人物身份、职业或社会角色,CORE,HIGH_PRECISION_ANCHOR,OK,True,high,ACCEPT_HIGH_CONF,KEEP_CANONICAL,False,1,0.0005577244841048,1,0.0004859086491739,7.936828526467844,7.936828526467844,UNKNOWN,UNKNOWN,UNRESOLVED,PRIMARY,暗恋的姐姐被黄毛攻陷了后门（有码） ポニテちゃんはアナルに屈しない！,シロクロスキー,シロクロスキー,,,,,,,local tag semantics + example titles/authors,
火影: 櫻,火影: 櫻,火影: 櫻,火影忍者,FANDOM_CHARACTER,作品/IP中的具体角色,CORE,HIGH_PRECISION_ANCHOR,OK,True,high,ACCEPT_HIGH_CONF,KEEP_CANONICAL,False,1,0.0005577244841048,1,0.0004859086491739,7.936828526467844,7.936828526467844,UNKNOWN,UNKNOWN,UNRESOLVED,PRIMARY,射爆忍村-木叶人妻会 催●おじさんに支配された山中家、托卵精子で家系図上書き妊娠中,パニックアメリカ,パニックアメリカ,,,,,,,local tag semantics + example titles/authors,
加瀬大輝,加瀬大輝,加瀬大輝,,CREATOR_ENTITY,作者/社团等创作者实体,IGNORE,EXCLUDE,OK,False,high,ACCEPT_HIGH_CONF,KEEP_CANONICAL,False,1,0.0005577244841048,1,0.0004859086491739,7.936828526467844,7.936828526467844,UNKNOWN,UNKNOWN,UNRESOLVED,PRIMARY,[無修正] 加濑大辉总集篇,加瀬大輝,加瀬大輝,,,,,,,public web corroboration + local examples,https://bangumi.tv/person/7573
假小子,假小子,假小子,,APPEARANCE_TRAIT,外貌、发型、肤色或体型特征,CORE,HIGH_PRECISION_ANCHOR,OK,True,high,ACCEPT_HIGH_CONF,KEEP_CANONICAL,False,1,0.0005577244841048,1,0.0004859086491739,7.936828526467844,7.936828526467844,UNKNOWN,UNKNOWN,UNRESOLVED,PRIMARY,メスダチ総集編1+2｜雌友 總集篇 1+2   [中文] [DL版],Zトン,Zトン,,,,,,,local tag semantics + example titles/authors,
間諜過家家（SPY×FAMILY）,間諜過家家(spy×family,間諜過家家（SPY×FAMILY）,,FANDOM_IP,作品、游戏、动画或系列IP,CORE,HIGH_PRECISION_ANCHOR,OK,True,high,ACCEPT_HIGH_CONF,KEEP_CANONICAL,False,1,0.0005577244841048,1,0.0004859086491739,7.936828526467844,7.936828526467844,UNKNOWN,UNKNOWN,UNRESOLVED,PRIMARY,[Pixiv] Agent_SS (34045771),Agent_SS,Agent_SS,,,,,,,local tag semantics + example titles/authors,
艦娘: 時雨,艦娘: 時雨,艦隊Collection: 時雨,艦隊Collection,FANDOM_CHARACTER,作品/IP中的具体角色,CORE,HIGH_PRECISION_ANCHOR,OK,True,high,ACCEPT_HIGH_CONF,MERGE_ALIAS,False,1,0.0005577244841048,1,0.0004859086491739,7.936828526467844,7.936828526467844,UNKNOWN,UNKNOWN,UNRESOLVED,PRIMARY,時雨ハニードッグ (艦隊これくしょん -艦これ-) [DL版],うまくち醤油,うまくち醤油,,,,,,,local tag semantics + example titles/authors,
教程,教程,教程,,FORMAT,作品载体或内容格式,MODIFIER,MODIFIER_ONLY,OK,True,high,ACCEPT_HIGH_CONF,KEEP_CANONICAL,False,1,0.0005577244841048,1,0.0004859086491739,7.936828526467844,7.936828526467844,UNKNOWN,UNKNOWN,UNRESOLVED,PRIMARY,完全实用版 成人漫画没告诉你的性爱真相,Post Media编辑部,Post Media编辑部,,,,,,,local tag semantics + example titles/authors,
筋肉系,筋肉系,筋肉系,,APPEARANCE_TRAIT,外貌、发型、肤色或体型特征,CORE,HIGH_PRECISION_ANCHOR,OK,True,high,ACCEPT_HIGH_CONF,KEEP_CANONICAL,False,1,0.0005577244841048,1,0.0004859086491739,7.936828526467844,7.936828526467844,UNKNOWN,UNKNOWN,UNRESOLVED,PRIMARY,崭露头角的演员给我发了私信,犬,犬,,,,,,,local tag semantics + example titles/authors,
近親相交: 兒子,近親相交: 兒子,近親相交: 兒子,,RELATIONSHIP,关系、亲属或年龄关系,CORE,HIGH_PRECISION_ANCHOR,OK,True,high,ACCEPT_HIGH_CONF,KEEP_CANONICAL,False,1,0.0005577244841048,1,0.0004859086491739,7.936828526467844,7.936828526467844,UNKNOWN,UNKNOWN,UNRESOLVED,PRIMARY,母と堕ちていく part1+2+3+4 [中国翻訳],ふるべ,ふるべ,,,,,,,local tag semantics + example titles/authors,
近親相交: 父,近親相交: 父,近親相交: 父,,RELATIONSHIP,关系、亲属或年龄关系,CORE,HIGH_PRECISION_ANCHOR,OK,True,high,ACCEPT_HIGH_CONF,KEEP_CANONICAL,False,1,0.0005577244841048,1,0.0004859086491739,7.936828526467844,7.936828526467844,UNKNOWN,UNKNOWN,UNRESOLVED,PRIMARY,おとうさんといっしょ (コミック エグゼ 10),翠野タヌキ,翠野タヌキ,,,,,,,local tag semantics + example titles/authors,
進擊的巨人: 艾倫,進擊的巨人: 艾倫,進擊的巨人: 艾倫,進擊的巨人,FANDOM_CHARACTER,作品/IP中的具体角色,CORE,HIGH_PRECISION_ANCHOR,OK,True,high,ACCEPT_HIGH_CONF,KEEP_CANONICAL,False,1,0.0005577244841048,1,0.0004859086491739,7.936828526467844,7.936828526467844,UNKNOWN,UNKNOWN,UNRESOLVED,PRIMARY,进击的巨人 (单行本补全),谏山创,谏山创,,,,,,,local tag semantics + example titles/authors,
進擊的巨人: 利威爾,進擊的巨人: 利威爾,進擊的巨人: 利威爾,進擊的巨人,FANDOM_CHARACTER,作品/IP中的具体角色,CORE,HIGH_PRECISION_ANCHOR,OK,True,high,ACCEPT_HIGH_CONF,KEEP_CANONICAL,False,1,0.0005577244841048,1,0.0004859086491739,7.936828526467844,7.936828526467844,UNKNOWN,UNKNOWN,UNRESOLVED,PRIMARY,进击的巨人 (单行本补全),谏山创,谏山创,,,,,,,local tag semantics + example titles/authors,
狼與辛香料,狼與辛香料,狼與辛香料,,FANDOM_IP,作品、游戏、动画或系列IP,CORE,HIGH_PRECISION_ANCHOR,OK,True,high,ACCEPT_HIGH_CONF,KEEP_CANONICAL,False,1,0.0005577244841048,1,0.0004859086491739,7.936828526467844,7.936828526467844,UNKNOWN,UNKNOWN,UNRESOLVED,PRIMARY,狼与香辛料 （狼と香辛料）,小梅けいと,小梅けいと,,,,,,,local tag semantics + example titles/authors,
萌,萌,萌,,VISUAL_STYLE,画面表现或视觉风格,MODIFIER,MODIFIER_ONLY,OK,True,high,ACCEPT_HIGH_CONF,KEEP_CANONICAL,False,1,0.0005577244841048,1,0.0004859086491739,7.936828526467844,7.936828526467844,UNKNOWN,UNKNOWN,UNRESOLVED,PRIMARY,星期一的丰满/月曜日のたわわ その1-598,比村奇石,比村奇石,,,,,,,local tag semantics + example titles/authors,
鳴潮,鳴潮,鳴潮,,FANDOM_IP,作品、游戏、动画或系列IP,CORE,HIGH_PRECISION_ANCHOR,OK,True,high,ACCEPT_HIGH_CONF,KEEP_CANONICAL,False,1,0.0005577244841048,1,0.0004859086491739,7.936828526467844,7.936828526467844,UNKNOWN,UNKNOWN,UNRESOLVED,PRIMARY,Yiko湿润兔 - 鸣潮 芙露德莉斯,Yiko湿润兔,Yiko湿润兔,,,,,,,local tag semantics + example titles/authors,
魔物娘,魔物娘,魔物娘,,SPECIES_FANTASY,物种、非人或幻想角色类型,CORE,HIGH_PRECISION_ANCHOR,OK,True,high,ACCEPT_HIGH_CONF,KEEP_CANONICAL,False,1,0.0005577244841048,1,0.0004859086491739,7.936828526467844,7.936828526467844,UNKNOWN,UNKNOWN,UNRESOLVED,PRIMARY,呼応 (異世快楽天 Vol.43) | 呼應,Croriin,Croriin,,,,,,,local tag semantics + example titles/authors,
男初中生(DC),男初中生(dc,男初中生(DC),,AGE_CODED_CHARACTER,明确年龄编码的人物标签,SAFETY_EXCLUDE,SAFETY_BLOCKED,BLOCK_MINOR_EXPLICIT,False,high,SAFETY_BLOCK,KEEP_CANONICAL,False,1,0.0005577244841048,1,0.0004859086491739,7.936828526467844,7.936828526467844,UNKNOWN,UNKNOWN,UNRESOLVED,PRIMARY,四月是你的谎言,新川直司,新川直司,,,,,,,local tag semantics + example titles/authors,
鳥人/哈庇,鳥人/哈庇,鳥人/哈庇,,SPECIES_FANTASY,物种、非人或幻想角色类型,CORE,HIGH_PRECISION_ANCHOR,OK,True,high,ACCEPT_HIGH_CONF,KEEP_CANONICAL,False,1,0.0005577244841048,1,0.0004859086491739,7.936828526467844,7.936828526467844,UNKNOWN,UNKNOWN,UNRESOLVED,PRIMARY,モンスターガールズの恋色サーカス,GEN,GEN,,,,,,,local tag semantics + example titles/authors,
女神異聞錄5,女神異聞錄5,女神異聞錄5,,FANDOM_IP,作品、游戏、动画或系列IP,CORE,HIGH_PRECISION_ANCHOR,OK,True,high,ACCEPT_HIGH_CONF,KEEP_CANONICAL,False,1,0.0005577244841048,1,0.0004859086491739,7.936828526467844,7.936828526467844,UNKNOWN,UNKNOWN,UNRESOLVED,PRIMARY,芳澤ちゃんと,まめでんきゅう,まめでんきゅう,,,,,,,local tag semantics + example titles/authors,
嫖娼,嫖娼,嫖娼,,SEXUAL_BEHAVIOR,行为类内容标签,CORE,HIGH_PRECISION_ANCHOR,OK,True,high,ACCEPT_HIGH_CONF,KEEP_CANONICAL,False,1,0.0005577244841048,1,0.0004859086491739,7.936828526467844,7.936828526467844,UNKNOWN,UNKNOWN,UNRESOLVED,PRIMARY,妖精娼館 3号室レイシー 〜褐色肌エルフを指名した童貞オーク〜 2 | 妖精妓院3号技师蕾西~指名了褐色肌肤精灵的处男兽人先生~,煎茶柱、麥茶柱,煎茶柱、麥茶柱,,,,,,,local tag semantics + example titles/authors,
憑依,憑依,憑依,,CONTROL_COERCION,控制、约束或非自愿情境标签,CORE,HIGH_PRECISION_ANCHOR,OK,True,high,ACCEPT_HIGH_CONF,KEEP_CANONICAL,False,1,0.0005577244841048,1,0.0004859086491739,7.936828526467844,7.936828526467844,UNKNOWN,UNKNOWN,UNRESOLVED,PRIMARY,そのカラダ、頂きます,Duokuma,Duokuma,,,,,,,local tag semantics + example titles/authors,
賽博朋克,賽博朋克,賽博朋克,,GENRE_THEME,题材、类型或整体主题,CORE,SECONDARY_RECALL,OK,True,high,ACCEPT_HIGH_CONF,KEEP_CANONICAL,False,1,0.0005577244841048,1,0.0004859086491739,7.936828526467844,7.936828526467844,UNKNOWN,UNKNOWN,UNRESOLVED,PRIMARY,赛博朋克 2077 & Edgerunners / 官方艺术设定集 & 官方壁纸 &官方漫画,CD Projekt Red,CD Projekt Red,,,,,,,local tag semantics + example titles/authors,
設定集,設定集,設定集,,FORMAT,作品载体或内容格式,MODIFIER,MODIFIER_ONLY,OK,True,high,ACCEPT_HIGH_CONF,KEEP_CANONICAL,False,1,0.0005577244841048,1,0.0004859086491739,7.936828526467844,7.936828526467844,UNKNOWN,UNKNOWN,UNRESOLVED,PRIMARY,赛博朋克 2077 & Edgerunners / 官方艺术设定集 & 官方壁纸 &官方漫画,CD Projekt Red,CD Projekt Red,,,,,,,local tag semantics + example titles/authors,
神父,神父,神父,,IDENTITY_ROLE,人物身份、职业或社会角色,CORE,HIGH_PRECISION_ANCHOR,OK,True,high,ACCEPT_HIGH_CONF,KEEP_CANONICAL,False,1,0.0005577244841048,1,0.0004859086491739,7.936828526467844,7.936828526467844,UNKNOWN,UNKNOWN,UNRESOLVED,PRIMARY,性なる福音 (異世快楽天 Vol.4),玉ぼん,玉ぼん,,,,,,,local tag semantics + example titles/authors,
生化危機,生化危機,生化危機,,FANDOM_IP,作品、游戏、动画或系列IP,CORE,HIGH_PRECISION_ANCHOR,OK,True,high,ACCEPT_HIGH_CONF,KEEP_CANONICAL,False,1,0.0005577244841048,1,0.0004859086491739,7.936828526467844,7.936828526467844,UNKNOWN,UNKNOWN,UNRESOLVED,PRIMARY,sakimichan合集（131）,sakimichan,sakimichan,fate / grand order | pokemon | fate: 櫻 | fate/stay night,,,,,,local tag semantics + example titles/authors,
聖女,聖女,聖女,,IDENTITY_ROLE,人物身份、职业或社会角色,CORE,HIGH_PRECISION_ANCHOR,OK,True,high,ACCEPT_HIGH_CONF,KEEP_CANONICAL,False,1,0.0005577244841048,1,0.0004859086491739,7.936828526467844,7.936828526467844,UNKNOWN,UNKNOWN,UNRESOLVED,PRIMARY,エリート騎士団長は大聖女を孕ませたい（公爵様は私の体に飢えている。アンソロジー_ 2）,ヤマト蛍,ヤマト蛍,,,,,,,local tag semantics + example titles/authors,
食戟之靈,食戟之靈,食戟之靈,,FANDOM_IP,作品、游戏、动画或系列IP,CORE,HIGH_PRECISION_ANCHOR,OK,True,high,ACCEPT_HIGH_CONF,KEEP_CANONICAL,False,1,0.0005577244841048,1,0.0004859086491739,7.936828526467844,7.936828526467844,UNKNOWN,UNKNOWN,UNRESOLVED,PRIMARY,0325 (食戟のソーマ),あるぷ,あるぷ,,,,,,,local tag semantics + example titles/authors,
委員長,委員長,委員長,,IDENTITY_ROLE,人物身份、职业或社会角色,CORE,HIGH_PRECISION_ANCHOR,OK,True,high,ACCEPT_HIGH_CONF,KEEP_CANONICAL,False,1,0.0005577244841048,1,0.0004859086491739,7.936828526467844,7.936828526467844,UNKNOWN,UNKNOWN,UNRESOLVED,PRIMARY,異世界ハーレムパラダイス  異世界淫亂後宮的性愛天堂 更新完結篇,赤月みゅうと,赤月みゅうと,,,,,,,local tag semantics + example titles/authors,
我的英雄學院,我的英雄學院,我的英雄學院,,FANDOM_IP,作品、游戏、动画或系列IP,CORE,HIGH_PRECISION_ANCHOR,OK,True,high,ACCEPT_HIGH_CONF,KEEP_CANONICAL,False,1,0.0005577244841048,1,0.0004859086491739,7.936828526467844,7.936828526467844,UNKNOWN,UNKNOWN,UNRESOLVED,PRIMARY,sakimichan合集（131）,sakimichan,sakimichan,fate / grand order | pokemon | fate: 櫻 | fate/stay night,,,,,,local tag semantics + example titles/authors,
吸血鬼,吸血鬼,吸血鬼,,SPECIES_FANTASY,物种、非人或幻想角色类型,CORE,HIGH_PRECISION_ANCHOR,OK,True,high,ACCEPT_HIGH_CONF,KEEP_CANONICAL,False,1,0.0005577244841048,1,0.0004859086491739,7.936828526467844,7.936828526467844,UNKNOWN,UNKNOWN,UNRESOLVED,PRIMARY,ハメこみ！─壁穴つき住居へようこそ─,太平さんせっと,太平さんせっと,,,,,,,local tag semantics + example titles/authors,
小姨子,小姨子,小姨子,,RELATIONSHIP,关系、亲属或年龄关系,CORE,HIGH_PRECISION_ANCHOR,OK,True,high,ACCEPT_HIGH_CONF,KEEP_CANONICAL,False,1,0.0005577244841048,1,0.0004859086491739,7.936828526467844,7.936828526467844,UNKNOWN,UNKNOWN,UNRESOLVED,PRIMARY,「優しいだけの男」と妻に捨てられたので…,すぺしゃるじー,すぺしゃるじー,,,,,,,local tag semantics + example titles/authors,
新娘,新娘,新娘,,IDENTITY_ROLE,人物身份、职业或社会角色,CORE,HIGH_PRECISION_ANCHOR,OK,True,high,ACCEPT_HIGH_CONF,KEEP_CANONICAL,False,1,0.0005577244841048,1,0.0004859086491739,7.936828526467844,7.936828526467844,UNKNOWN,UNKNOWN,UNRESOLVED,PRIMARY,纸嫁衣：交配篇,作业帮,作业帮,,,,,,,local tag semantics + example titles/authors,
性教育,性教育,性教育,,STORY_TROPE,叙事套路或剧情关系主题,CORE,HIGH_PRECISION_ANCHOR,OK,True,high,ACCEPT_HIGH_CONF,KEEP_CANONICAL,False,1,0.0005577244841048,1,0.0004859086491739,7.936828526467844,7.936828526467844,UNKNOWN,UNKNOWN,UNRESOLVED,PRIMARY,完全实用版 成人漫画没告诉你的性爱真相,Post Media编辑部,Post Media编辑部,,,,,,,local tag semantics + example titles/authors,
顏藝,顏藝,顏藝,,VISUAL_STYLE,画面表现或视觉风格,MODIFIER,MODIFIER_ONLY,OK,True,high,ACCEPT_HIGH_CONF,KEEP_CANONICAL,False,1,0.0005577244841048,1,0.0004859086491739,7.936828526467844,7.936828526467844,UNKNOWN,UNKNOWN,UNRESOLVED,PRIMARY,小小的天使降临到我家中（再临）。 | 天使が家に泊まりに来た（再来）。,kamasu,kamasu,,,,,,,local tag semantics + example titles/authors,
一拳: 龍卷,一拳: 龍卷,一拳: 龍卷,一拳超人,FANDOM_CHARACTER,作品/IP中的具体角色,CORE,HIGH_PRECISION_ANCHOR,OK,True,high,ACCEPT_HIGH_CONF,KEEP_CANONICAL,False,1,0.0005577244841048,1,0.0004859086491739,7.936828526467844,7.936828526467844,UNKNOWN,UNKNOWN,UNRESOLVED,PRIMARY,タツマキっぽい妻 (ワンパンマン),モグダン,モグダン,,,,,,,local tag semantics + example titles/authors,
一拳: 埼玉,一拳: 埼玉,一拳: 埼玉,一拳超人,FANDOM_CHARACTER,作品/IP中的具体角色,CORE,HIGH_PRECISION_ANCHOR,OK,True,high,ACCEPT_HIGH_CONF,KEEP_CANONICAL,False,1,0.0005577244841048,1,0.0004859086491739,7.936828526467844,7.936828526467844,UNKNOWN,UNKNOWN,UNRESOLVED,PRIMARY,ONE-HURRICANE6.5 (ワンパンマン),清炭ハリケーン,清炭ハリケーン,,,,,,,local tag semantics + example titles/authors,
一拳超人,一拳超人,一拳超人,,FANDOM_IP,作品、游戏、动画或系列IP,CORE,HIGH_PRECISION_ANCHOR,OK,True,high,ACCEPT_HIGH_CONF,KEEP_CANONICAL,False,1,0.0005577244841048,1,0.0004859086491739,7.936828526467844,7.936828526467844,UNKNOWN,UNKNOWN,UNRESOLVED,PRIMARY,ONE-HURRICANE6.5 (ワンパンマン),清炭ハリケーン,清炭ハリケーン,,,,,,,local tag semantics + example titles/authors,
音樂/舞蹈,音樂/舞蹈,音樂/舞蹈,,GENRE_THEME,题材、类型或整体主题,CORE,SECONDARY_RECALL,OK,True,high,ACCEPT_HIGH_CONF,KEEP_CANONICAL,False,1,0.0005577244841048,1,0.0004859086491739,7.936828526467844,7.936828526467844,UNKNOWN,UNKNOWN,UNRESOLVED,PRIMARY,四月是你的谎言,新川直司,新川直司,,,,,,,local tag semantics + example titles/authors,
陰道破壞,陰道破壞,陰道破壞,,SEXUAL_BEHAVIOR,行为类内容标签,CORE,HIGH_PRECISION_ANCHOR,OK,True,high,ACCEPT_HIGH_CONF,KEEP_CANONICAL,False,1,0.0005577244841048,1,0.0004859086491739,7.936828526467844,7.936828526467844,UNKNOWN,UNKNOWN,UNRESOLVED,PRIMARY,性爱部队的女军人们（LUX轮奸·强暴合集）,LUXsumildo,LUXsumildo,,,,,,,local tag semantics + example titles/authors,
 隱身,隱身,隱身,,CONTROL_COERCION,控制、约束或非自愿情境标签,CORE,HIGH_PRECISION_ANCHOR,OK,True,high,ACCEPT_HIGH_CONF,KEEP_CANONICAL,False,1,0.0005577244841048,1,0.0004859086491739,7.936828526467844,7.936828526467844,UNKNOWN,UNKNOWN,UNRESOLVED,PRIMARY,Fubuki (One Punch Man),TTF,TTF,,,,,,,local tag semantics + example titles/authors,
英雄聯盟: 阿卡莉,英雄聯盟: 阿卡莉,英雄聯盟: 阿卡莉,英雄聯盟,FANDOM_CHARACTER,作品/IP中的具体角色,CORE,HIGH_PRECISION_ANCHOR,OK,True,high,ACCEPT_HIGH_CONF,KEEP_CANONICAL,False,1,0.0005577244841048,1,0.0004859086491739,7.936828526467844,7.936828526467844,UNKNOWN,UNKNOWN,UNRESOLVED,PRIMARY,sakimichan合集（131）,sakimichan,sakimichan,fate / grand order | pokemon | fate: 櫻 | fate/stay night,,,,,,local tag semantics + example titles/authors,
勇者鬥惡龍 XI,勇者鬥惡龍 xi,勇者鬥惡龍 XI,,FANDOM_IP,作品、游戏、动画或系列IP,CORE,HIGH_PRECISION_ANCHOR,OK,True,high,ACCEPT_HIGH_CONF,KEEP_CANONICAL,False,1,0.0005577244841048,1,0.0004859086491739,7.936828526467844,7.936828526467844,UNKNOWN,UNKNOWN,UNRESOLVED,PRIMARY,(C93) その日 勇者は敗れた (ドラゴンクエストXI),Sian,Sian,,,,,,,local tag semantics + example titles/authors,
渣男,渣男,渣男,,IDENTITY_ROLE,人物身份、职业或社会角色,CORE,HIGH_PRECISION_ANCHOR,OK,True,high,ACCEPT_HIGH_CONF,KEEP_CANONICAL,False,1,0.0005577244841048,1,0.0004859086491739,7.936828526467844,7.936828526467844,UNKNOWN,UNKNOWN,UNRESOLVED,PRIMARY,友達,「タカシ」,「タカシ」,,,,,,,local tag semantics + example titles/authors,
榨乳,榨乳,榨乳,,PHYSIOLOGY_STATE,生理、身体状态或生殖状态,CORE,HIGH_PRECISION_ANCHOR,OK,True,high,ACCEPT_HIGH_CONF,KEEP_CANONICAL,False,1,0.0005577244841048,1,0.0004859086491739,7.936828526467844,7.936828526467844,UNKNOWN,UNKNOWN,UNRESOLVED,PRIMARY,[無修正] [熟肉] MANA短篇漫画大合集,MANA,MANA,原神 | fate / grand order,,,,,,local tag semantics + example titles/authors,
治癒,治癒,治癒,,GENRE_THEME,题材、类型或整体主题,CORE,SECONDARY_RECALL,OK,True,high,ACCEPT_HIGH_CONF,KEEP_CANONICAL,False,1,0.0005577244841048,1,0.0004859086491739,7.936828526467844,7.936828526467844,UNKNOWN,UNKNOWN,UNRESOLVED,PRIMARY,境界線 [DL版][中国翻译],みなすきぽぷり,みなすきぽぷり,,,,,,,local tag semantics + example titles/authors,
COMIC BAVEL,comic bavel,COMIC BAVEL,,PUBLICATION_SOURCE,杂志或出版来源,IGNORE,EXCLUDE,OK,False,high,ACCEPT_HIGH_CONF,KEEP_CANONICAL,False,1,0.0005577244841048,1,0.0004859086491739,7.936828526467844,7.936828526467844,UNKNOWN,UNKNOWN,UNRESOLVED,PRIMARY,植物の育て方 (comic bavel 2016年4月号-dl版),みぞね,みぞね,,,,,,,local tag semantics + example titles/authors,
COMIC1☆10,comic1☆10,COMIC1☆10,,PUBLICATION_EVENT,展会/场次/发布事件来源,IGNORE,EXCLUDE,OK,False,high,ACCEPT_HIGH_CONF,KEEP_CANONICAL,False,1,0.0005577244841048,1,0.0004859086491739,7.936828526467844,7.936828526467844,UNKNOWN,UNKNOWN,UNRESOLVED,PRIMARY,OFF SHOT 1/2/3 (偶像大师 灰姑娘女孩),大槍葦人,大槍葦人,偶像大師 | 偶像大師灰姑娘 | 偶像大師灰姑娘: 渋谷凛 | 偶像大師灰姑娘: 安娜斯塔西婭 | 偶像大師灰姑娘: 輿水幸子,,,,,,local tag semantics + example titles/authors,
COMIC1☆11,comic1☆11,COMIC1☆11,,PUBLICATION_EVENT,展会/场次/发布事件来源,IGNORE,EXCLUDE,OK,False,high,ACCEPT_HIGH_CONF,KEEP_CANONICAL,False,1,0.0005577244841048,1,0.0004859086491739,7.936828526467844,7.936828526467844,UNKNOWN,UNKNOWN,UNRESOLVED,PRIMARY,ジャスミンとジェシカと (グランブルーファンタジー),松河,松河,,,,,,,local tag semantics + example titles/authors,
COMIC1☆12,comic1☆12,COMIC1☆12,,PUBLICATION_EVENT,展会/场次/发布事件来源,IGNORE,EXCLUDE,OK,False,high,ACCEPT_HIGH_CONF,KEEP_CANONICAL,False,1,0.0005577244841048,1,0.0004859086491739,7.936828526467844,7.936828526467844,UNKNOWN,UNKNOWN,UNRESOLVED,PRIMARY,(COMIC1☆12) FALLEN SAINT (Fate/Grand Order),あるぷ,あるぷ,fate / grand order,,,,,,local tag semantics + example titles/authors,
COMIC1☆13,comic1☆13,COMIC1☆13,,PUBLICATION_EVENT,展会/场次/发布事件来源,IGNORE,EXCLUDE,OK,False,high,ACCEPT_HIGH_CONF,KEEP_CANONICAL,False,1,0.0005577244841048,1,0.0004859086491739,7.936828526467844,7.936828526467844,UNKNOWN,UNKNOWN,UNRESOLVED,PRIMARY,スキル強化解禁 + OrangeMaru Special 04 (Fate/Grand Order),YD,YD,fate / grand order,,,,,,local tag semantics + example titles/authors,
COMIC1☆15,comic1☆15,COMIC1☆15,,PUBLICATION_EVENT,展会/场次/发布事件来源,IGNORE,EXCLUDE,OK,False,high,ACCEPT_HIGH_CONF,KEEP_CANONICAL,False,1,0.0005577244841048,1,0.0004859086491739,7.936828526467844,7.936828526467844,UNKNOWN,UNKNOWN,UNRESOLVED,PRIMARY,(COMIC1☆15)  はじめての彼女がバイト先の怖い男性社員においしくいただかれちゃった話 (ラブプラス) [中国翻訳],あらくれ,あらくれ,,,,,,,local tag semantics + example titles/authors,
COMIC1☆22,comic1☆22,COMIC1☆22,,PUBLICATION_EVENT,展会/场次/发布事件来源,IGNORE,EXCLUDE,OK,False,high,ACCEPT_HIGH_CONF,KEEP_CANONICAL,False,1,0.0005577244841048,1,0.0004859086491739,7.936828526467844,7.936828526467844,UNKNOWN,UNKNOWN,UNRESOLVED,PRIMARY,芳澤ちゃんと,まめでんきゅう,まめでんきゅう,,,,,,,local tag semantics + example titles/authors,
COMIC1☆9,comic1☆9,COMIC1☆9,,PUBLICATION_EVENT,展会/场次/发布事件来源,IGNORE,EXCLUDE,OK,False,high,ACCEPT_HIGH_CONF,KEEP_CANONICAL,False,1,0.0005577244841048,1,0.0004859086491739,7.936828526467844,7.936828526467844,UNKNOWN,UNKNOWN,UNRESOLVED,PRIMARY,(COMIC1☆9) 貴宅警備員,貂,貂,,,,,,,local tag semantics + example titles/authors,
Dead or Alive,dead or alive,Dead or Alive,,FANDOM_IP,作品、游戏、动画或系列IP,CORE,HIGH_PRECISION_ANCHOR,OK,True,high,ACCEPT_HIGH_CONF,KEEP_CANONICAL,False,1,0.0005577244841048,1,0.0004859086491739,7.936828526467844,7.936828526467844,UNKNOWN,UNKNOWN,UNRESOLVED,PRIMARY,sakimichan合集（131）,sakimichan,sakimichan,fate / grand order | pokemon | fate: 櫻 | fate/stay night,,,,,,local tag semantics + example titles/authors,
FF7: 蒂法,ff7: 蒂法,FF7: 蒂法,Final Fantasy VII,FANDOM_CHARACTER,作品/IP中的具体角色,CORE,HIGH_PRECISION_ANCHOR,OK,True,high,ACCEPT_HIGH_CONF,KEEP_CANONICAL,False,1,0.0005577244841048,1,0.0004859086491739,7.936828526467844,7.936828526467844,UNKNOWN,UNKNOWN,UNRESOLVED,PRIMARY,陪酒女&售花女,Aoin,Aoin,,,,,,,local tag semantics + example titles/authors,
FGO: 酒吞童子,fgo: 酒吞童子,Fate / Grand Order: 酒吞童子,Fate / Grand Order,FANDOM_CHARACTER,作品/IP中的具体角色,CORE,HIGH_PRECISION_ANCHOR,OK,True,high,ACCEPT_HIGH_CONF,MERGE_ALIAS,False,1,0.0005577244841048,1,0.0004859086491739,7.936828526467844,7.936828526467844,UNKNOWN,UNKNOWN,UNRESOLVED,PRIMARY,是三不是世w - FGO 酒吞童子,是三不是世w,是三不是世w,,,,,,,local tag semantics + example titles/authors,
FGO: 玉藻前,fgo: 玉藻前,Fate / Grand Order: 玉藻前,Fate / Grand Order,FANDOM_CHARACTER,作品/IP中的具体角色,CORE,HIGH_PRECISION_ANCHOR,OK,True,high,ACCEPT_HIGH_CONF,MERGE_ALIAS,False,1,0.0005577244841048,1,0.0004859086491739,7.936828526467844,7.936828526467844,UNKNOWN,UNKNOWN,UNRESOLVED,PRIMARY,(C95) 玉藻温泉 (Fate Grand Order),虎助遥人,虎助遥人,fate / grand order,,,,,,local tag semantics + example titles/authors,
NIKKE,nikke,NIKKE,,FANDOM_IP,作品、游戏、动画或系列IP,CORE,HIGH_PRECISION_ANCHOR,OK,True,high,ACCEPT_HIGH_CONF,KEEP_CANONICAL,False,1,0.0005577244841048,1,0.0004859086491739,7.936828526467844,7.936828526467844,UNKNOWN,UNKNOWN,UNRESOLVED,PRIMARY,Ade (勝利の女神:NIKKE),horori,horori,,,,,,,local tag semantics + example titles/authors,
Overwatch,overwatch,守望先锋,,FANDOM_IP,作品、游戏、动画或系列IP,CORE,HIGH_PRECISION_ANCHOR,OK,True,high,ACCEPT_HIGH_CONF,MERGE_ALIAS,False,1,0.0005577244841048,1,0.0004859086491739,7.936828526467844,7.936828526467844,UNKNOWN,UNKNOWN,UNRESOLVED,PRIMARY,HELLP ME PLS,Boole,Boole,,,,,,,local tag semantics + example titles/authors,
RE: 艾米莉婭,re: 艾米莉婭,Re:從零開始的異世界生活: 艾米莉婭,Re:從零開始的異世界生活,FANDOM_CHARACTER,作品/IP中的具体角色,CORE,HIGH_PRECISION_ANCHOR,OK,True,high,ACCEPT_HIGH_CONF,MERGE_ALIAS,False,1,0.0005577244841048,1,0.0004859086491739,7.936828526467844,7.936828526467844,UNKNOWN,UNKNOWN,UNRESOLVED,PRIMARY,sakimichan合集（131）,sakimichan,sakimichan,fate / grand order | pokemon | fate: 櫻 | fate/stay night,,,,,,local tag semantics + example titles/authors,
RE: 從零開始的異世界生活,re: 從零開始的異世界生活,Re:從零開始的異世界生活,Re:從零開始的異世界生活,FANDOM_IP,作品/IP中的具体角色,CORE,HIGH_PRECISION_ANCHOR,OK,True,high,ACCEPT_HIGH_CONF,MERGE_ALIAS,False,1,0.0005577244841048,1,0.0004859086491739,7.936828526467844,7.936828526467844,UNKNOWN,UNKNOWN,UNRESOLVED,PRIMARY,Arty亞緹 Elsa Granhiert,Arty亞緹,Arty亞緹,,,,,,,local tag semantics + example titles/authors,
SAO,sao,刀劍神域,,FANDOM_IP,作品、游戏、动画或系列IP,CORE,HIGH_PRECISION_ANCHOR,OK,True,high,ACCEPT_HIGH_CONF,MERGE_ALIAS,False,1,0.0005577244841048,1,0.0004859086491739,7.936828526467844,7.936828526467844,UNKNOWN,UNKNOWN,UNRESOLVED,PRIMARY,催●支配された桐ヶ谷家,にゆさーら,にゆさーら,,,,,,,local tag semantics + example titles/authors,
SAO: 桐人,sao: 桐人,刀劍神域: 桐人,刀劍神域,FANDOM_CHARACTER,作品/IP中的具体角色,CORE,HIGH_PRECISION_ANCHOR,OK,True,high,ACCEPT_HIGH_CONF,MERGE_ALIAS,False,1,0.0005577244841048,1,0.0004859086491739,7.936828526467844,7.936828526467844,UNKNOWN,UNKNOWN,UNRESOLVED,PRIMARY,催●支配された桐ヶ谷家,にゆさーら,にゆさーら,,,,,,,local tag semantics + example titles/authors,
SAO: 直葉,sao: 直葉,刀劍神域: 直葉,刀劍神域,FANDOM_CHARACTER,作品/IP中的具体角色,CORE,HIGH_PRECISION_ANCHOR,OK,True,high,ACCEPT_HIGH_CONF,MERGE_ALIAS,False,1,0.0005577244841048,1,0.0004859086491739,7.936828526467844,7.936828526467844,UNKNOWN,UNKNOWN,UNRESOLVED,PRIMARY,催●支配された桐ヶ谷家,にゆさーら,にゆさーら,,,,,,,local tag semantics + example titles/authors,
vocaloid,vocaloid,VOCALOID,,FANDOM_IP,作品、游戏、动画或系列IP,CORE,HIGH_PRECISION_ANCHOR,OK,True,high,ACCEPT_HIGH_CONF,MERGE_ALIAS,False,1,0.0005577244841048,1,0.0004859086491739,7.936828526467844,7.936828526467844,UNKNOWN,UNKNOWN,UNRESOLVED,PRIMARY,[Pixiv] 阿戈魔AGM (20670939),阿戈魔AGM,阿戈魔AGM,,,,,,,local tag semantics + example titles/authors,
東方: 東風谷早苗,東方: 東風谷早苗,東方: 東風谷早苗,東方Project,FANDOM_CHARACTER,作品/IP中的具体角色,CORE,HIGH_PRECISION_ANCHOR,OK,True,high,ACCEPT_HIGH_CONF,KEEP_CANONICAL,False,1,0.0005577244841048,1,0.0004859086491739,7.936828526467844,7.936828526467844,KNOWN,FANDOM_IP,CORE,PRIMARY,お百度上手の早苗さん (東方Project),みちきんぐ,みちきんぐ,東方 | 東方: 東風谷早苗,,,,,,local tag semantics + example titles/authors,
東方: 咲夜,東方: 咲夜,東方: 咲夜,東方Project,FANDOM_CHARACTER,作品/IP中的具体角色,CORE,HIGH_PRECISION_ANCHOR,OK,True,high,ACCEPT_HIGH_CONF,KEEP_CANONICAL,False,1,0.0005577244841048,1,0.0004859086491739,7.936828526467844,7.936828526467844,KNOWN,FANDOM_IP,CORE,PRIMARY,十六夜咲夜は譲らない (東方Project),真夜中足穂,真夜中足穂,東方 | 東方: 咲夜,,,,,,local tag semantics + example titles/authors,
光之美少女,光之美少女,光之美少女,,FANDOM_IP,作品、游戏、动画或系列IP,CORE,HIGH_PRECISION_ANCHOR,OK,True,high,ACCEPT_HIGH_CONF,KEEP_CANONICAL,False,1,0.0005577244841048,1,0.0004859086491739,7.936828526467844,7.936828526467844,KNOWN,RELATIONSHIP_TROPE,CORE,PRIMARY,ここねちゃんvいただきます!(デリシャスパーティ♡プリキュア) [中国翻訳] [DL版],桃屋しょう猫,桃屋しょう猫,,,,,,,local tag semantics + example titles/authors,
果然我的青春戀愛喜劇搞錯了。,果然我的青春戀愛喜劇搞錯了。,果然我的青春戀愛喜劇搞錯了。,,FANDOM_IP,作品、游戏、动画或系列IP,CORE,HIGH_PRECISION_ANCHOR,OK,True,high,ACCEPT_HIGH_CONF,KEEP_CANONICAL,False,1,0.0005577244841048,1,0.0004859086491739,7.936828526467844,7.936828526467844,KNOWN,GENRE_SETTING,SECONDARY,PRIMARY,HOME娘って、どぅ？ -由比ヶ浜マ-,遠海はるか,遠海はるか,,,,,,,local tag semantics + example titles/authors,
科幻,科幻,科幻,,GENRE_THEME,题材、类型或整体主题,CORE,SECONDARY_RECALL,OK,True,high,ACCEPT_HIGH_CONF,KEEP_CANONICAL,False,1,0.0005577244841048,1,0.0004859086491739,7.936828526467844,7.936828526467844,KNOWN,GENRE_SETTING,SECONDARY,PRIMARY,赛博朋克 2077 & Edgerunners / 官方艺术设定集 & 官方壁纸 &官方漫画,CD Projekt Red,CD Projekt Red,,,,,,,local tag semantics + example titles/authors,
冒險 / 探險,冒險 / 探險,冒險 / 探險,,GENRE_THEME,题材、类型或整体主题,CORE,SECONDARY_RECALL,OK,True,high,ACCEPT_HIGH_CONF,KEEP_CANONICAL,False,1,0.0005577244841048,1,0.0004859086491739,7.936828526467844,7.936828526467844,KNOWN,GENRE_SETTING,SECONDARY,PRIMARY,魔王城的魅魔们VS.淫纹术师,一ノ瀬ランド,一ノ瀬ランド,,,,,,,local tag semantics + example titles/authors,
魔法少女,魔法少女,魔法少女,,IDENTITY_ROLE,人物身份、职业或社会角色,CORE,HIGH_PRECISION_ANCHOR,OK,True,high,ACCEPT_HIGH_CONF,KEEP_CANONICAL,False,1,0.0005577244841048,1,0.0004859086491739,7.936828526467844,7.936828526467844,KNOWN,RELATIONSHIP_TROPE,CORE,PRIMARY,恋与魔法与无限幻想,たぬま,たぬま,,,,,,,local tag semantics + example titles/authors,
偶像大師灰姑娘: 安娜斯塔西婭,偶像大師灰姑娘: 安娜斯塔西婭,偶像大師灰姑娘: 安娜斯塔西婭,偶像大師 灰姑娘女孩,FANDOM_CHARACTER,作品/IP中的具体角色,CORE,HIGH_PRECISION_ANCHOR,OK,True,high,ACCEPT_HIGH_CONF,KEEP_CANONICAL,False,1,0.0005577244841048,1,0.0004859086491739,7.936828526467844,7.936828526467844,KNOWN,FANDOM_IP,CORE,PRIMARY,OFF SHOT 1/2/3 (偶像大师 灰姑娘女孩),大槍葦人,大槍葦人,偶像大師 | 偶像大師灰姑娘 | 偶像大師灰姑娘: 渋谷凛 | 偶像大師灰姑娘: 安娜斯塔西婭 | 偶像大師灰姑娘: 輿水幸子,,,,,,local tag semantics + example titles/authors,
偶像大師灰姑娘: 鷺沢文香,偶像大師灰姑娘: 鷺沢文香,偶像大師灰姑娘: 鷺沢文香,偶像大師 灰姑娘女孩,FANDOM_CHARACTER,作品/IP中的具体角色,CORE,HIGH_PRECISION_ANCHOR,OK,True,high,ACCEPT_HIGH_CONF,KEEP_CANONICAL,False,1,0.0005577244841048,1,0.0004859086491739,7.936828526467844,7.936828526467844,KNOWN,FANDOM_IP,CORE,PRIMARY,鷺沢さんが結ばれる日(アイドルマスター シンデレラガールズ),庄司二号,庄司二号,偶像大師灰姑娘: 鷺沢文香 | 偶像大師,,,,,,local tag semantics + example titles/authors,
偶像大師灰姑娘: 渋谷凛,偶像大師灰姑娘: 渋谷凛,偶像大師灰姑娘: 渋谷凛,偶像大師 灰姑娘女孩,FANDOM_CHARACTER,作品/IP中的具体角色,CORE,HIGH_PRECISION_ANCHOR,OK,True,high,ACCEPT_HIGH_CONF,KEEP_CANONICAL,False,1,0.0005577244841048,1,0.0004859086491739,7.936828526467844,7.936828526467844,KNOWN,FANDOM_IP,CORE,PRIMARY,OFF SHOT 1/2/3 (偶像大师 灰姑娘女孩),大槍葦人,大槍葦人,偶像大師 | 偶像大師灰姑娘 | 偶像大師灰姑娘: 渋谷凛 | 偶像大師灰姑娘: 安娜斯塔西婭 | 偶像大師灰姑娘: 輿水幸子,,,,,,local tag semantics + example titles/authors,
偶像大師灰姑娘: 輿水幸子,偶像大師灰姑娘: 輿水幸子,偶像大師灰姑娘: 輿水幸子,偶像大師 灰姑娘女孩,FANDOM_CHARACTER,作品/IP中的具体角色,CORE,HIGH_PRECISION_ANCHOR,OK,True,high,ACCEPT_HIGH_CONF,KEEP_CANONICAL,False,1,0.0005577244841048,1,0.0004859086491739,7.936828526467844,7.936828526467844,KNOWN,FANDOM_IP,CORE,PRIMARY,OFF SHOT 1/2/3 (偶像大师 灰姑娘女孩),大槍葦人,大槍葦人,偶像大師 | 偶像大師灰姑娘 | 偶像大師灰姑娘: 渋谷凛 | 偶像大師灰姑娘: 安娜斯塔西婭 | 偶像大師灰姑娘: 輿水幸子,,,,,,local tag semantics + example titles/authors,
奇幻/魔幻,奇幻/魔幻,奇幻/魔幻,,GENRE_THEME,题材、类型或整体主题,CORE,SECONDARY_RECALL,OK,True,high,ACCEPT_HIGH_CONF,KEEP_CANONICAL,False,1,0.0005577244841048,1,0.0004859086491739,7.936828526467844,7.936828526467844,KNOWN,GENRE_SETTING,SECONDARY,PRIMARY,比羅坂日菜子がエロかわいいことを俺だけが知っている／比羅坂日菜子發情超可愛這件事只有我知道 1-44话,绀矢ユキオ,绀矢ユキオ,,,,,,,local tag semantics + example titles/authors,
情色漫畫老師,情色漫畫老師,情色漫畫老師,,FANDOM_IP,作品、游戏、动画或系列IP,CORE,HIGH_PRECISION_ANCHOR,OK,True,high,ACCEPT_HIGH_CONF,KEEP_CANONICAL,False,1,0.0005577244841048,1,0.0004859086491739,7.936828526467844,7.936828526467844,KNOWN,CHARACTER_IDENTITY_ROLE,CORE,PRIMARY,被污染的纯洁花朵（奸污系合集）,Alpha,Alpha,,,,,,,local tag semantics + example titles/authors,
 舔舐,舔舐,舔舐,,SEXUAL_BEHAVIOR,行为类内容标签,CORE,HIGH_PRECISION_ANCHOR,OK,True,high,ACCEPT_HIGH_CONF,KEEP_CANONICAL,False,1,0.0005577244841048,1,0.0004859086491739,7.936828526467844,7.936828526467844,KNOWN,CONTENT_BEHAVIOR,CORE,PRIMARY,"Fair is foul,and foul is fair",chocobeam,chocobeam,,,,,,,local tag semantics + example titles/authors,
異物插入,異物插入,異物插入,,SEXUAL_BEHAVIOR,行为类内容标签,CORE,HIGH_PRECISION_ANCHOR,OK,True,high,ACCEPT_HIGH_CONF,KEEP_CANONICAL,False,1,0.0005577244841048,1,0.0004859086491739,7.936828526467844,7.936828526467844,KNOWN,CONTENT_BEHAVIOR,CORE,PRIMARY,いじめられっこの僕には彼女を幸せにできない,るび様,るび様,,,,,,,local tag semantics + example titles/authors,
原神: 芙寧娜,原神: 芙寧娜,原神: 芙寧娜,原神,FANDOM_CHARACTER,作品/IP中的具体角色,CORE,HIGH_PRECISION_ANCHOR,OK,True,high,ACCEPT_HIGH_CONF,KEEP_CANONICAL,False,1,0.0005577244841048,1,0.0004859086491739,7.936828526467844,7.936828526467844,KNOWN,FANDOM_IP,CORE,PRIMARY,Yuumeilyn - Furina,Yuumeilyn,Yuumeilyn,原神: 芙寧娜,,,,,,local tag semantics + example titles/authors,
原神: 閒雲,原神: 閒雲,原神: 閒雲,原神,FANDOM_CHARACTER,作品/IP中的具体角色,CORE,HIGH_PRECISION_ANCHOR,OK,True,high,ACCEPT_HIGH_CONF,KEEP_CANONICAL,False,1,0.0005577244841048,1,0.0004859086491739,7.936828526467844,7.936828526467844,KNOWN,FANDOM_IP,CORE,PRIMARY,[FANBOX] 閑雲：空の試練 +空の試練2 (原神) [中国翻訳],KeinV,KeinV,原神 | 原神:申鶴 | 原神:甘雨 | 原神: 閒雲,,,,,,local tag semantics + example titles/authors,
原神:安柏,原神:安柏,原神:安柏,原神,FANDOM_CHARACTER,作品/IP中的具体角色,CORE,HIGH_PRECISION_ANCHOR,OK,True,high,ACCEPT_HIGH_CONF,KEEP_CANONICAL,False,1,0.0005577244841048,1,0.0004859086491739,7.936828526467844,7.936828526467844,KNOWN,FANDOM_IP,CORE,PRIMARY,原神まとめ,サテー(syatey@聖牌戦争,サテー(syatey@聖牌戦争,原神 | 原神:琴 | 原神:安柏 | 原神:芭芭拉 | 原神:優菈,,,,,,local tag semantics + example titles/authors,
原神:芭芭拉,原神:芭芭拉,原神:芭芭拉,原神,FANDOM_CHARACTER,作品/IP中的具体角色,CORE,HIGH_PRECISION_ANCHOR,OK,True,high,ACCEPT_HIGH_CONF,KEEP_CANONICAL,False,1,0.0005577244841048,1,0.0004859086491739,7.936828526467844,7.936828526467844,KNOWN,FANDOM_IP,CORE,PRIMARY,原神まとめ,サテー(syatey@聖牌戦争,サテー(syatey@聖牌戦争,原神 | 原神:琴 | 原神:安柏 | 原神:芭芭拉 | 原神:優菈,,,,,,local tag semantics + example titles/authors,
原神:北斗,原神:北斗,原神:北斗,原神,FANDOM_CHARACTER,作品/IP中的具体角色,CORE,HIGH_PRECISION_ANCHOR,OK,True,high,ACCEPT_HIGH_CONF,KEEP_CANONICAL,False,1,0.0005577244841048,1,0.0004859086491739,7.936828526467844,7.936828526467844,KNOWN,FANDOM_IP,CORE,PRIMARY,原神まとめ,サテー(syatey@聖牌戦争,サテー(syatey@聖牌戦争,原神 | 原神:琴 | 原神:安柏 | 原神:芭芭拉 | 原神:優菈,,,,,,local tag semantics + example titles/authors,
原神:甘雨,原神:甘雨,原神:甘雨,原神,FANDOM_CHARACTER,作品/IP中的具体角色,CORE,HIGH_PRECISION_ANCHOR,OK,True,high,ACCEPT_HIGH_CONF,KEEP_CANONICAL,False,1,0.0005577244841048,1,0.0004859086491739,7.936828526467844,7.936828526467844,KNOWN,FANDOM_IP,CORE,PRIMARY,[FANBOX] 閑雲：空の試練 +空の試練2 (原神) [中国翻訳],KeinV,KeinV,原神 | 原神:申鶴 | 原神:甘雨 | 原神: 閒雲,,,,,,local tag semantics + example titles/authors,
原神:胡桃,原神:胡桃,原神:胡桃,原神,FANDOM_CHARACTER,作品/IP中的具体角色,CORE,HIGH_PRECISION_ANCHOR,OK,True,high,ACCEPT_HIGH_CONF,KEEP_CANONICAL,False,1,0.0005577244841048,1,0.0004859086491739,7.936828526467844,7.936828526467844,KNOWN,FANDOM_IP,CORE,PRIMARY,原神まとめ,サテー(syatey@聖牌戦争,サテー(syatey@聖牌戦争,原神 | 原神:琴 | 原神:安柏 | 原神:芭芭拉 | 原神:優菈,,,,,,local tag semantics + example titles/authors,
原神:九條裟羅,原神:九條裟羅,原神:九條裟羅,原神,FANDOM_CHARACTER,作品/IP中的具体角色,CORE,HIGH_PRECISION_ANCHOR,OK,True,high,ACCEPT_HIGH_CONF,KEEP_CANONICAL,False,1,0.0005577244841048,1,0.0004859086491739,7.936828526467844,7.936828526467844,KNOWN,FANDOM_IP,CORE,PRIMARY,原神まとめ,サテー(syatey@聖牌戦争,サテー(syatey@聖牌戦争,原神 | 原神:琴 | 原神:安柏 | 原神:芭芭拉 | 原神:優菈,,,,,,local tag semantics + example titles/authors,
原神:莫娜,原神:莫娜,原神:莫娜,原神,FANDOM_CHARACTER,作品/IP中的具体角色,CORE,HIGH_PRECISION_ANCHOR,OK,True,high,ACCEPT_HIGH_CONF,KEEP_CANONICAL,False,1,0.0005577244841048,1,0.0004859086491739,7.936828526467844,7.936828526467844,KNOWN,FANDOM_IP,CORE,PRIMARY,阿包也是兔娘 -莫娜女仆,阿包也是兔娘,阿包也是兔娘,原神:莫娜 | 原神,,,,,,local tag semantics + example titles/authors,
原神:凝光,原神:凝光,原神:凝光,原神,FANDOM_CHARACTER,作品/IP中的具体角色,CORE,HIGH_PRECISION_ANCHOR,OK,True,high,ACCEPT_HIGH_CONF,KEEP_CANONICAL,False,1,0.0005577244841048,1,0.0004859086491739,7.936828526467844,7.936828526467844,KNOWN,FANDOM_IP,CORE,PRIMARY,原神まとめ,サテー(syatey@聖牌戦争,サテー(syatey@聖牌戦争,原神 | 原神:琴 | 原神:安柏 | 原神:芭芭拉 | 原神:優菈,,,,,,local tag semantics + example titles/authors,
原神:諾艾爾,原神:諾艾爾,原神:諾艾爾,原神,FANDOM_CHARACTER,作品/IP中的具体角色,CORE,HIGH_PRECISION_ANCHOR,OK,True,high,ACCEPT_HIGH_CONF,KEEP_CANONICAL,False,1,0.0005577244841048,1,0.0004859086491739,7.936828526467844,7.936828526467844,KNOWN,FANDOM_IP,CORE,PRIMARY,诺艾尔小姐无法拒绝！（原神H国产同人漫画）,saluky,saluky,原神 | 原神:諾艾爾,,,,,,local tag semantics + example titles/authors,
原神:七七,原神:七七,原神:七七,原神,FANDOM_CHARACTER,作品/IP中的具体角色,CORE,HIGH_PRECISION_ANCHOR,OK,True,high,ACCEPT_HIGH_CONF,KEEP_CANONICAL,False,1,0.0005577244841048,1,0.0004859086491739,7.936828526467844,7.936828526467844,KNOWN,FANDOM_IP,CORE,PRIMARY,原神まとめ,サテー(syatey@聖牌戦争,サテー(syatey@聖牌戦争,原神 | 原神:琴 | 原神:安柏 | 原神:芭芭拉 | 原神:優菈,,,,,,local tag semantics + example titles/authors,
原神:神裡綾華,原神:神裡綾華,原神:神裡綾華,原神,FANDOM_CHARACTER,作品/IP中的具体角色,CORE,HIGH_PRECISION_ANCHOR,OK,True,high,ACCEPT_HIGH_CONF,KEEP_CANONICAL,False,1,0.0005577244841048,1,0.0004859086491739,7.936828526467844,7.936828526467844,KNOWN,FANDOM_IP,CORE,PRIMARY,[PIXIV] XMC [104685880]（AI）,XMC,XMC,原神:八重神子 | 原神:神裡綾華 | 原神:宵宮 | 原神:熒 | 原神,,,,,,local tag semantics + example titles/authors,
原神:宵宮,原神:宵宮,原神:宵宮,原神,FANDOM_CHARACTER,作品/IP中的具体角色,CORE,HIGH_PRECISION_ANCHOR,OK,True,high,ACCEPT_HIGH_CONF,KEEP_CANONICAL,False,1,0.0005577244841048,1,0.0004859086491739,7.936828526467844,7.936828526467844,KNOWN,FANDOM_IP,CORE,PRIMARY,[PIXIV] XMC [104685880]（AI）,XMC,XMC,原神:八重神子 | 原神:神裡綾華 | 原神:宵宮 | 原神:熒 | 原神,,,,,,local tag semantics + example titles/authors,
原神:鐘離,原神:鐘離,原神:鐘離,原神,FANDOM_CHARACTER,作品/IP中的具体角色,CORE,HIGH_PRECISION_ANCHOR,OK,True,high,ACCEPT_HIGH_CONF,KEEP_CANONICAL,False,1,0.0005577244841048,1,0.0004859086491739,7.936828526467844,7.936828526467844,KNOWN,FANDOM_IP,CORE,PRIMARY,原神まとめ,サテー(syatey@聖牌戦争,サテー(syatey@聖牌戦争,原神 | 原神:琴 | 原神:安柏 | 原神:芭芭拉 | 原神:優菈,,,,,,local tag semantics + example titles/authors,
FATE: 劍兵 SABER,fate: 劍兵 saber,FATE: 劍兵 SABER,Fate系列,FANDOM_CHARACTER,作品/IP中的具体角色,CORE,HIGH_PRECISION_ANCHOR,OK,True,high,ACCEPT_HIGH_CONF,KEEP_CANONICAL,False,1,0.0005577244841048,1,0.0004859086491739,7.936828526467844,7.936828526467844,KNOWN,FANDOM_IP,CORE,PRIMARY,FSN四大美女,Zucchini,Zucchini,fate: 櫻 | fate: 澟 | fate: 士狼 | fate: 劍兵 saber,,,,,,local tag semantics + example titles/authors,
FATE: 澟,fate: 澟,FATE: 凜,Fate系列,FANDOM_CHARACTER,作品/IP中的具体角色,CORE,HIGH_PRECISION_ANCHOR,OK,True,high,ACCEPT_HIGH_CONF,MERGE_ALIAS,False,1,0.0005577244841048,1,0.0004859086491739,7.936828526467844,7.936828526467844,KNOWN,FANDOM_IP,CORE,PRIMARY,FSN四大美女,Zucchini,Zucchini,fate: 櫻 | fate: 澟 | fate: 士狼 | fate: 劍兵 saber,,,,,,local tag semantics + example titles/authors,
FATE/Zero,fate/zero,FATE/Zero,,FANDOM_IP,作品、游戏、动画或系列IP,CORE,HIGH_PRECISION_ANCHOR,OK,True,high,ACCEPT_HIGH_CONF,KEEP_CANONICAL,False,1,0.0005577244841048,1,0.0004859086491739,7.936828526467844,7.936828526467844,KNOWN,FANDOM_IP,CORE,PRIMARY,欲火焚身了属于是（Niro）,niro26,niro26,fate/zero,,,,,,local tag semantics + example titles/authors,
LOVELIVE: 高坂穗乃果,lovelive: 高坂穗乃果,LOVELIVE: 高坂穗乃果,LoveLive!,FANDOM_CHARACTER,作品/IP中的具体角色,CORE,HIGH_PRECISION_ANCHOR,OK,True,high,ACCEPT_HIGH_CONF,KEEP_CANONICAL,False,1,0.0005577244841048,1,0.0004859086491739,7.936828526467844,7.936828526467844,KNOWN,FANDOM_IP,CORE,PRIMARY,What is this thing called love? 2 (ラブライブ!),大槍葦人,大槍葦人,lovelive | lovelive: 小希 | lovelive: 繪理 | lovelive: 小鳥 | lovelive: 海未,,,,,,local tag semantics + example titles/authors,
LOVELIVE: 海未,lovelive: 海未,LOVELIVE: 海未,LoveLive!,FANDOM_CHARACTER,作品/IP中的具体角色,CORE,HIGH_PRECISION_ANCHOR,OK,True,high,ACCEPT_HIGH_CONF,KEEP_CANONICAL,False,1,0.0005577244841048,1,0.0004859086491739,7.936828526467844,7.936828526467844,KNOWN,FANDOM_IP,CORE,PRIMARY,What is this thing called love? 2 (ラブライブ!),大槍葦人,大槍葦人,lovelive | lovelive: 小希 | lovelive: 繪理 | lovelive: 小鳥 | lovelive: 海未,,,,,,local tag semantics + example titles/authors,
LOVELIVE: 繪理,lovelive: 繪理,LOVELIVE: 繪理,LoveLive!,FANDOM_CHARACTER,作品/IP中的具体角色,CORE,HIGH_PRECISION_ANCHOR,OK,True,high,ACCEPT_HIGH_CONF,KEEP_CANONICAL,False,1,0.0005577244841048,1,0.0004859086491739,7.936828526467844,7.936828526467844,KNOWN,FANDOM_IP,CORE,PRIMARY,What is this thing called love? 2 (ラブライブ!),大槍葦人,大槍葦人,lovelive | lovelive: 小希 | lovelive: 繪理 | lovelive: 小鳥 | lovelive: 海未,,,,,,local tag semantics + example titles/authors,
LOVELIVE: 小鳥,lovelive: 小鳥,LOVELIVE: 小鳥,LoveLive!,FANDOM_CHARACTER,作品/IP中的具体角色,CORE,HIGH_PRECISION_ANCHOR,OK,True,high,ACCEPT_HIGH_CONF,KEEP_CANONICAL,False,1,0.0005577244841048,1,0.0004859086491739,7.936828526467844,7.936828526467844,KNOWN,FANDOM_IP,CORE,PRIMARY,What is this thing called love? 2 (ラブライブ!),大槍葦人,大槍葦人,lovelive | lovelive: 小希 | lovelive: 繪理 | lovelive: 小鳥 | lovelive: 海未,,,,,,local tag semantics + example titles/authors,
POKEMON,pokemon,Pokémon,,FANDOM_IP,作品、游戏、动画或系列IP,CORE,HIGH_PRECISION_ANCHOR,OK,True,high,ACCEPT_HIGH_CONF,MERGE_ALIAS,False,1,0.0005577244841048,1,0.0004859086491739,7.936828526467844,7.936828526467844,KNOWN,FANDOM_IP,CORE,PRIMARY,sakimichan合集（131）,sakimichan,sakimichan,fate / grand order | pokemon | fate: 櫻 | fate/stay night,,,,,,local tag semantics + example titles/authors,
Allahu Akbar漢化、椰糕冰沙个人汉化、葱鱼个人汉化,allahu akbar漢化、椰糕冰沙个人汉化、葱鱼个人汉化,Allahu Akbar漢化、椰糕冰沙个人汉化、葱鱼个人汉化,,LANGUAGE_EDITION,语言、翻译或版本元数据,IGNORE,EXCLUDE,OK,False,high,ACCEPT_HIGH_CONF,KEEP_CANONICAL,False,1,0.0005577244841048,1,0.0004859086491739,7.936828526467844,7.936828526467844,EXCLUDED,LANGUAGE_TRANSLATION,IGNORE,NONE,近所の人妻さん,桜の灯る日へ,桜の灯る日へ,,,,,,,local tag semantics + example titles/authors,
C108,c108,C108,,PUBLICATION_EVENT,展会/场次/发布事件来源,IGNORE,EXCLUDE,OK,False,high,ACCEPT_HIGH_CONF,KEEP_CANONICAL,False,1,0.0005577244841048,1,0.0004859086491739,7.936828526467844,7.936828526467844,EXCLUDED,EVENT_SOURCE,IGNORE,NONE,バツイチおばさんと説教人妻、ワケあり熟れマンオナホにします。,ガガーリン吉,ガガーリン吉,,,,,,,local tag semantics + example titles/authors,
C86,c86,C86,,PUBLICATION_EVENT,展会/场次/发布事件来源,IGNORE,EXCLUDE,OK,False,high,ACCEPT_HIGH_CONF,KEEP_CANONICAL,False,1,0.0005577244841048,1,0.0004859086491739,7.936828526467844,7.936828526467844,EXCLUDED,EVENT_SOURCE,IGNORE,NONE,(C86) KERKER,貂,貂,,,,,,,local tag semantics + example titles/authors,
C89,c89,C89,,PUBLICATION_EVENT,展会/场次/发布事件来源,IGNORE,EXCLUDE,OK,False,high,ACCEPT_HIGH_CONF,KEEP_CANONICAL,False,1,0.0005577244841048,1,0.0004859086491739,7.936828526467844,7.936828526467844,EXCLUDED,EVENT_SOURCE,IGNORE,NONE,OFF SHOT 1/2/3 (偶像大师 灰姑娘女孩),大槍葦人,大槍葦人,偶像大師 | 偶像大師灰姑娘 | 偶像大師灰姑娘: 渋谷凛 | 偶像大師灰姑娘: 安娜斯塔西婭 | 偶像大師灰姑娘: 輿水幸子,,,,,,local tag semantics + example titles/authors,
FF7,ff7,FF7,,FANDOM_IP,作品、游戏、动画或系列IP,CORE,HIGH_PRECISION_ANCHOR,OK,True,high,ACCEPT_HIGH_CONF,KEEP_CANONICAL,False,1,0.0005577244841048,1,0.0004859086491739,7.936828526467844,7.936828526467844,EXCLUDED,EVENT_SOURCE,IGNORE,NONE,陪酒女&售花女,Aoin,Aoin,,,,,,,local tag semantics + example titles/authors,
人魚,人魚,人魚,,SPECIES_FANTASY,物种、非人或幻想角色类型,CORE,HIGH_PRECISION_ANCHOR,OK,True,high,ACCEPT_HIGH_CONF,KEEP_CANONICAL,False,1,0.0005577244841048,2,0.0009718172983479,7.53136341835968,7.53136341835968,UNKNOWN,UNKNOWN,UNRESOLVED,PRIMARY,モンスターガールズの恋色サーカス,GEN,GEN,,,,,,,local tag semantics + example titles/authors,
重口 / 獵奇,重口 / 獵奇,重口 / 獵奇,,GENRE_THEME,题材、类型或整体主题,CORE,SECONDARY_RECALL,OK,True,high,ACCEPT_HIGH_CONF,KEEP_CANONICAL,False,1,0.0005577244841048,2,0.0009718172983479,7.53136341835968,7.53136341835968,UNKNOWN,UNKNOWN,UNRESOLVED,PRIMARY,昆蟲姦察,CYCLET,CYCLET,,,,,,,local tag semantics + example titles/authors,
畫集,畫集,畫集,,FORMAT,作品载体或内容格式,MODIFIER,MODIFIER_ONLY,OK,True,high,ACCEPT_HIGH_CONF,KEEP_CANONICAL,False,1,0.0005577244841048,2,0.0009718172983479,7.53136341835968,7.53136341835968,KNOWN,FORMAT,MODIFIER,SECONDARY,HOT LIMIT 2020,多人,多人,,,,,,,local tag semantics + example titles/authors,
原神:空,原神:空,原神:空,原神,FANDOM_CHARACTER,作品/IP中的具体角色,CORE,HIGH_PRECISION_ANCHOR,OK,True,high,ACCEPT_HIGH_CONF,KEEP_CANONICAL,False,1,0.0005577244841048,2,0.0009718172983479,7.53136341835968,7.53136341835968,KNOWN,FANDOM_IP,CORE,PRIMARY,申鶴 1,MANA,MANA,原神:申鶴 | 原神:空,,,,,,local tag semantics + example titles/authors,
原神:熒,原神:熒,原神:熒,原神,FANDOM_CHARACTER,作品/IP中的具体角色,CORE,HIGH_PRECISION_ANCHOR,OK,True,high,ACCEPT_HIGH_CONF,KEEP_CANONICAL,False,1,0.0005577244841048,2,0.0009718172983479,7.53136341835968,7.53136341835968,KNOWN,FANDOM_IP,CORE,PRIMARY,[PIXIV] XMC [104685880]（AI）,XMC,XMC,原神:八重神子 | 原神:神裡綾華 | 原神:宵宮 | 原神:熒 | 原神,,,,,,local tag semantics + example titles/authors,
女王,女王,女王,,IDENTITY_ROLE,人物身份、职业或社会角色,CORE,HIGH_PRECISION_ANCHOR,OK,True,high,ACCEPT_HIGH_CONF,KEEP_CANONICAL,False,1,0.0005577244841048,3,0.0014577259475218,7.243681345907899,7.243681345907899,UNKNOWN,UNKNOWN,UNRESOLVED,PRIMARY,異世界ハーレムパラダイス  異世界淫亂後宮的性愛天堂 更新完結篇,赤月みゅうと,赤月みゅうと,,,,,,,local tag semantics + example titles/authors,
乙女,乙女,乙女,,AUDIENCE_ORIENTATION,受众/配对方向或关系取向,CORE,HIGH_PRECISION_ANCHOR,OK,True,high,ACCEPT_HIGH_CONF,KEEP_CANONICAL,False,1,0.0005577244841048,3,0.0014577259475218,7.243681345907899,7.243681345907899,UNKNOWN,UNKNOWN,UNRESOLVED,PRIMARY,调教家政妇[完结版],Serious,Serious,,,,,,,local tag semantics + example titles/authors,
崩壞,崩壞,崩壞,,FANDOM_IP,作品、游戏、动画或系列IP,CORE,HIGH_PRECISION_ANCHOR,OK,True,high,ACCEPT_HIGH_CONF,KEEP_CANONICAL,False,1,0.0005577244841048,3,0.0014577259475218,7.243681345907899,7.243681345907899,KNOWN,FANDOM_IP,CORE,PRIMARY,隔壁的阿波尼亞小姐（AI）,DYOSHI_S,DYOSHI_S,崩壞,,,,,,local tag semantics + example titles/authors,
薄肌男,薄肌男,薄肌男,,APPEARANCE_TRAIT,外貌、发型、肤色或体型特征,CORE,HIGH_PRECISION_ANCHOR,OK,True,high,ACCEPT_HIGH_CONF,KEEP_CANONICAL,False,0,0.0,1,0.0004859086491739,7.936828526467844,0.0,UNKNOWN,UNKNOWN,UNRESOLVED,PRIMARY,,,,,,,,,,local tag semantics + example titles/authors,
調情,調情,調情,,STORY_TROPE,叙事套路或剧情关系主题,CORE,HIGH_PRECISION_ANCHOR,OK,True,high,ACCEPT_HIGH_CONF,KEEP_CANONICAL,False,0,0.0,1,0.0004859086491739,7.936828526467844,0.0,UNKNOWN,UNKNOWN,UNRESOLVED,PRIMARY,,,,,,,,,,local tag semantics + example titles/authors,
巨大化,巨大化,巨大化,,BODY_ATTRIBUTE,身体或解剖属性,CORE,HIGH_PRECISION_ANCHOR,OK,True,high,ACCEPT_HIGH_CONF,KEEP_CANONICAL,False,0,0.0,1,0.0004859086491739,7.936828526467844,0.0,UNKNOWN,UNKNOWN,UNRESOLVED,PRIMARY,,,,,,,,,,local tag semantics + example titles/authors,
拼刺刀,拼刺刀,拼刺刀,,SEXUAL_BEHAVIOR,行为类内容标签,CORE,HIGH_PRECISION_ANCHOR,OK,True,high,ACCEPT_HIGH_CONF,KEEP_CANONICAL,False,0,0.0,1,0.0004859086491739,7.936828526467844,0.0,UNKNOWN,UNKNOWN,UNRESOLVED,PRIMARY,,,,,,,,,,local tag semantics + example titles/authors,
術士,術士,術士,,IDENTITY_ROLE,人物身份、职业或社会角色,CORE,HIGH_PRECISION_ANCHOR,OK,True,high,ACCEPT_HIGH_CONF,KEEP_CANONICAL,False,0,0.0,1,0.0004859086491739,7.936828526467844,0.0,UNKNOWN,UNKNOWN,UNRESOLVED,PRIMARY,,,,,,,,,,local tag semantics + example titles/authors,
體型差,體型差,體型差,,BODY_ATTRIBUTE,身体或解剖属性,CORE,HIGH_PRECISION_ANCHOR,OK,True,high,ACCEPT_HIGH_CONF,KEEP_CANONICAL,False,0,0.0,1,0.0004859086491739,7.936828526467844,0.0,UNKNOWN,UNKNOWN,UNRESOLVED,PRIMARY,,,,,,,,,,local tag semantics + example titles/authors,
雄乳,雄乳,雄乳,,BODY_ATTRIBUTE,身体或解剖属性,CORE,HIGH_PRECISION_ANCHOR,OK,True,high,ACCEPT_HIGH_CONF,KEEP_CANONICAL,False,0,0.0,1,0.0004859086491739,7.936828526467844,0.0,UNKNOWN,UNKNOWN,UNRESOLVED,PRIMARY,,,,,,,,,,local tag semantics + example titles/authors,
致郁,致郁,致郁,,GENRE_THEME,题材、类型或整体主题,CORE,SECONDARY_RECALL,OK,True,high,ACCEPT_HIGH_CONF,KEEP_CANONICAL,False,0,0.0,1,0.0004859086491739,7.936828526467844,0.0,UNKNOWN,UNKNOWN,UNRESOLVED,PRIMARY,,,,,,,,,,local tag semantics + example titles/authors,
重生,重生,重生,,GENRE_THEME,题材、类型或整体主题,CORE,SECONDARY_RECALL,OK,True,high,ACCEPT_HIGH_CONF,KEEP_CANONICAL,False,0,0.0,1,0.0004859086491739,7.936828526467844,0.0,UNKNOWN,UNKNOWN,UNRESOLVED,PRIMARY,,,,,,,,,,local tag semantics + example titles/authors,
GB/女攻男受,gb/女攻男受,GB/女攻男受,,AUDIENCE_ORIENTATION,受众/配对方向或关系取向,CORE,HIGH_PRECISION_ANCHOR,OK,True,high,ACCEPT_HIGH_CONF,KEEP_CANONICAL,False,0,0.0,1,0.0004859086491739,7.936828526467844,0.0,UNKNOWN,UNKNOWN,UNRESOLVED,PRIMARY,,,,,,,,,,local tag semantics + example titles/authors,
東方: 芙蘭朵露,東方: 芙蘭朵露,東方: 芙蘭朵露,東方Project,FANDOM_CHARACTER,作品/IP中的具体角色,CORE,HIGH_PRECISION_ANCHOR,OK,True,high,ACCEPT_HIGH_CONF,KEEP_CANONICAL,False,0,0.0,1,0.0004859086491739,7.936828526467844,0.0,KNOWN,FANDOM_IP,CORE,PRIMARY,,,,,,,,,,local tag semantics + example titles/authors,
黑深殘,黑深殘,黑深殘,,GENRE_THEME,题材、类型或整体主题,CORE,SECONDARY_RECALL,OK,True,high,ACCEPT_HIGH_CONF,KEEP_CANONICAL,False,0,0.0,2,0.0009718172983479,7.53136341835968,0.0,KNOWN,GENRE_SETTING,SECONDARY,PRIMARY,,,,,,,,,,local tag semantics + example titles/authors,
原神: 艾爾海森,原神: 艾爾海森,原神: 艾爾海森,原神,FANDOM_CHARACTER,作品/IP中的具体角色,CORE,HIGH_PRECISION_ANCHOR,OK,True,high,ACCEPT_HIGH_CONF,KEEP_CANONICAL,False,0,0.0,1,0.0004859086491739,7.936828526467844,0.0,KNOWN,FANDOM_IP,CORE,PRIMARY,,,,,,,,,,local tag semantics + example titles/authors,
BL,bl,BL,,AUDIENCE_ORIENTATION,受众/配对方向或关系取向,CORE,HIGH_PRECISION_ANCHOR,OK,True,high,ACCEPT_HIGH_CONF,KEEP_CANONICAL,False,0,0.0,4,0.0019436345966958,7.0205377945936895,0.0,KNOWN,RELATIONSHIP_TROPE,CORE,PRIMARY,,,,,,,,,,local tag semantics + example titles/authors,
C81,c81,C81,,PUBLICATION_EVENT,展会/场次/发布事件来源,IGNORE,EXCLUDE,OK,False,high,ACCEPT_HIGH_CONF,KEEP_CANONICAL,False,0,0.0,1,0.0004859086491739,7.936828526467844,0.0,EXCLUDED,EVENT_SOURCE,IGNORE,NONE,,,,,,,,,,local tag semantics + example titles/authors,
C82,c82,C82,,PUBLICATION_EVENT,展会/场次/发布事件来源,IGNORE,EXCLUDE,OK,False,high,ACCEPT_HIGH_CONF,KEEP_CANONICAL,False,0,0.0,1,0.0004859086491739,7.936828526467844,0.0,EXCLUDED,EVENT_SOURCE,IGNORE,NONE,,,,,,,,,,local tag semantics + example titles/authors,
